TesterName,StreamName,TestType,MatchFiles,MisMatchFiles,TotalFiles,TotalCDRCompared,FileResult,CDRResult,TimeTaken,Date,ReportFileName
ROHAN,HDP_MSC,DIFF_Summary,498,0,498,1989098,PASS ,FAIL,264.25,30-01-2023 07:41PM,ROHAN_HDP_MSC_DIFF_Summary_2023_01_30-07_36_54_PM.txt
ROHAN,HDP_MSC,DIFF_Detailed, 498,0,498,1989098,PASS,FAIL,284.63,30-01-2023 08:08PM,ROHAN_HDP_MSC_DIFF_Detailed_2023_01_30-08_03_48_PM.txt
MANGESH,TANLA_SMSC_ICB,DIFF_Summary, 10,0,10,167375,PASS,PASS,16.50,01-02-2023 04:32PM,MANGESH_TANLA_SMSC_ICB_DIFF_Summary_2023_02_01-04_31_58_PM.txt
RAJU,BSMT_SMSC_ASCII,DIFF_Summary, 10,0,10,61680,PASS,PASS,5.83,01-02-2023 04:37PM,RAJU_BSMT_SMSC_ASCII_DIFF_Summary_2023_02_01-04_37_15_PM.txt
RAJU,BSMT_SMSC_ASCII,ZIP_Detailed,10,0,10,61680,PASS,n/a,0.08,01-02-2023 04:38PM,RAJU_BSMT_SMSC_ASCII_ZIP_Detailed_2023_02_01-04_38_06_PM.txt
RAJU,BSMT_SMSC_ICB,ZIP_Detailed,40,0,40,24512,PASS,n/a,0.03,01-02-2023 04:38PM,RAJU_BSMT_SMSC_ICB_ZIP_Detailed_2023_02_01-04_38_47_PM.txt
RAJU,BSMT_SMSC_ICB,DIFF_Summary, 40,0,40,24512,PASS,PASS,2.48,01-02-2023 04:39PM,RAJU_BSMT_SMSC_ICB_DIFF_Summary_2023_02_01-04_39_24_PM.txt
MANGESH,TANLA_SMSC_ASCII,DIFF_Summary, 10,0,10,431040,PASS,PASS,39.58,01-02-2023 04:43PM,MANGESH_TANLA_SMSC_ASCII_DIFF_Summary_2023_02_01-04_42_24_PM.txt
RAJU,Nokia_TAS_Legal,DIFF_Summary, 10,1,11,45670,FAIL,PASS,5.09,01-02-2023 05:34PM,RAJU_Nokia_TAS_Legal_DIFF_Summary_2023_02_01-05_34_12_PM.txt
RAJU,Nokia_TAS_Legal,ZIP_Detailed,10,1,11,45670,FAIL,n/a,0.05,01-02-2023 05:35PM,RAJU_Nokia_TAS_Legal_ZIP_Detailed_2023_02_01-05_35_34_PM.txt
RAJU,Nokia_TAS_FMS,ZIP_Detailed,10,1,11,2339,FAIL,n/a,0.03,01-02-2023 05:36PM,RAJU_Nokia_TAS_FMS_ZIP_Detailed_2023_02_01-05_36_25_PM.txt
RAJU,Nokia_TAS_FMS,DIFF_Summary, 10,1,11,2339,FAIL,PASS,0.23,01-02-2023 05:37PM,RAJU_Nokia_TAS_FMS_DIFF_Summary_2023_02_01-05_37_07_PM.txt
RAJU,Nokia_TAS_DOX,DIFF_Summary, 10,1,11,4014,FAIL,PASS,0.62,01-02-2023 05:37PM,RAJU_Nokia_TAS_DOX_DIFF_Summary_2023_02_01-05_37_51_PM.txt
RAJU,Nokia_TAS_DOX,ZIP_Detailed,10,1,11,4014,FAIL,n/a,0.02,01-02-2023 05:38PM,RAJU_Nokia_TAS_DOX_ZIP_Detailed_2023_02_01-05_38_22_PM.txt
RAJU,Nokia_TAS_ICB,ZIP_Detailed,10,1,11,7925,FAIL,n/a,0.04,01-02-2023 05:38PM,RAJU_Nokia_TAS_ICB_ZIP_Detailed_2023_02_01-05_38_57_PM.txt
RAJU,Nokia_TAS_ICB,DIFF_Summary, 10,1,11,7925,FAIL,PASS,0.63,01-02-2023 05:39PM,RAJU_Nokia_TAS_ICB_DIFF_Summary_2023_02_01-05_39_31_PM.txt
RAJU,Nokia_TAS_ICB_SMS,DIFF_Summary, 5,1,6,9562,FAIL,PASS,0.94,01-02-2023 05:40PM,RAJU_Nokia_TAS_ICB_SMS_DIFF_Summary_2023_02_01-05_40_18_PM.txt
RAJU,Nokia_TAS_ICB_SMS,ZIP_Detailed,5,1,6,9562,FAIL,n/a,0.02,01-02-2023 05:40PM,RAJU_Nokia_TAS_ICB_SMS_ZIP_Detailed_2023_02_01-05_40_52_PM.txt
RAJU,MAVENIR_IPSM_DOX,ZIP_Detailed,10,0,10,3196,PASS,n/a,0.04,01-02-2023 05:44PM,RAJU_MAVENIR_IPSM_DOX_ZIP_Detailed_2023_02_01-05_44_33_PM.txt
RAJU,MAVENIR_IPSM_DOX,DIFF_Summary, 10,0,10,3196,PASS,PASS,0.33,01-02-2023 05:45PM,RAJU_MAVENIR_IPSM_DOX_DIFF_Summary_2023_02_01-05_45_05_PM.txt
RAJU,MAVENIR_IPSM_FMS,ZIP_Detailed,10,0,10,1587,PASS,n/a,0.02,01-02-2023 05:46PM,RAJU_MAVENIR_IPSM_FMS_ZIP_Detailed_2023_02_01-05_46_06_PM.txt
RAJU,MAVENIR_IPSM_FMS,DIFF_Summary, 10,0,10,1587,PASS,PASS,0.09,01-02-2023 05:46PM,RAJU_MAVENIR_IPSM_FMS_DIFF_Summary_2023_02_01-05_46_33_PM.txt
RAJU,MAVENIR_IPSM_HDBI,ZIP_Detailed,10,0,10,23097,PASS,n/a,0.08,01-02-2023 05:47PM,RAJU_MAVENIR_IPSM_HDBI_ZIP_Detailed_2023_02_01-05_47_24_PM.txt
RAJU,MAVENIR_IPSM_HDBI,DIFF_Summary, 10,0,10,23097,PASS,PASS,3.30,01-02-2023 05:47PM,RAJU_MAVENIR_IPSM_HDBI_DIFF_Summary_2023_02_01-05_47_52_PM.txt
JAYRAM,HDP_MSC,DIFF_Detailed,498,0,498,1989098,PASS,FAIL,276.43,01-02-2023 06:32PM,JAYRAM_HDP_MSC_DIFF_Detailed_2023_02_01-06_28_04_PM.txt
SHAKTI,Nokia_TAS_DOX,DIFF_Summary,10,1,11,4014,FAIL,PASS,0.52,01-02-2023 06:45PM,SHAKTI_Nokia_TAS_DOX_DIFF_Summary_2023_02_01-06_45_40_PM.txt
SHAKTI,Nokia_TAS_DOX,DIFF_Summary,10,0,10,4014,PASS,PASS,0.54,01-02-2023 06:49PM,SHAKTI_Nokia_TAS_DOX_DIFF_Summary_2023_02_01-06_49_22_PM.txt
SHAKTI,Nokia_TAS_DOX_SMS,DIFF_Summary,5,0,5,220,PASS,PASS,0.05,01-02-2023 06:53PM,SHAKTI_Nokia_TAS_DOX_SMS_DIFF_Summary_2023_02_01-06_53_27_PM.txt
SHAKTI,Nokia_TAS_FMS,DIFF_Summary,10,0,10,2339,PASS,PASS,0.24,01-02-2023 06:54PM,SHAKTI_Nokia_TAS_FMS_DIFF_Summary_2023_02_01-06_54_14_PM.txt
SHAKTI,Nokia_TAS_FMS_SMS,DIFF_Summary,5,0,5,82,PASS,PASS,0.02,01-02-2023 06:54PM,SHAKTI_Nokia_TAS_FMS_SMS_DIFF_Summary_2023_02_01-06_54_59_PM.txt
SHAKTI,Nokia_TAS_HDP,DIFF_Summary,10,0,10,47471,PASS,PASS,6.11,01-02-2023 06:56PM,SHAKTI_Nokia_TAS_HDP_DIFF_Summary_2023_02_01-06_56_37_PM.txt
SHAKTI,Nokia_TAS_Legal,DIFF_Summary,10,0,10,45670,PASS,PASS,5.36,01-02-2023 06:57PM,SHAKTI_Nokia_TAS_Legal_DIFF_Summary_2023_02_01-06_57_35_PM.txt
SHAKTI,Nokia_TAS_Legal_SMS,DIFF_Summary,5,0,5,1791,PASS,PASS,0.18,01-02-2023 06:58PM,SHAKTI_Nokia_TAS_Legal_SMS_DIFF_Summary_2023_02_01-06_58_06_PM.txt
SHAKTI,Nokia_TAS_ICB,DIFF_Summary,10,0,10,7925,PASS,PASS,0.59,01-02-2023 06:59PM,SHAKTI_Nokia_TAS_ICB_DIFF_Summary_2023_02_01-06_59_07_PM.txt
SHAKTI,Nokia_TAS_ICB_SMS,DIFF_Summary,5,0,5,9562,PASS,PASS,0.91,01-02-2023 06:59PM,SHAKTI_Nokia_TAS_ICB_SMS_DIFF_Summary_2023_02_01-06_59_54_PM.txt
SHAKTI,Nokia_TAS_DOX,DIFF_Summary,10,1,11,3196,FAIL,PASS,0.35,01-02-2023 07:31PM,SHAKTI_Nokia_TAS_DOX_DIFF_Summary_2023_02_01-07_31_48_PM.txt
SHAKTI,Nokia_TAS_DOX,DIFF_Summary,10,0,10,3196,PASS,PASS,0.38,01-02-2023 07:33PM,SHAKTI_Nokia_TAS_DOX_DIFF_Summary_2023_02_01-07_33_59_PM.txt
SHAKTI,Nokia_TAS_FMS,DIFF_Summary,10,0,10,1587,PASS,PASS,0.17,01-02-2023 07:34PM,SHAKTI_Nokia_TAS_FMS_DIFF_Summary_2023_02_01-07_34_46_PM.txt
SHAKTI,Nokia_TAS_HDP,DIFF_Summary,10,0,10,23087,PASS,PASS,3.31,01-02-2023 07:35PM,SHAKTI_Nokia_TAS_HDP_DIFF_Summary_2023_02_01-07_35_30_PM.txt
SHAKTI,Nokia_TAS_Legal,DIFF_Summary,10,0,10,23077,PASS,PASS,2.55,01-02-2023 07:37PM,SHAKTI_Nokia_TAS_Legal_DIFF_Summary_2023_02_01-07_37_06_PM.txt
SHAKTI,Nokia_TAS_ICB,DIFF_Summary,10,0,10,7318,PASS,PASS,0.69,01-02-2023 07:37PM,SHAKTI_Nokia_TAS_ICB_DIFF_Summary_2023_02_01-07_37_51_PM.txt
SHAKTI,Nokia_TAS_DOX,DIFF_Summary,5148,0,5148,3604618,PASS,PASS,427.08,01-02-2023 08:08PM,SHAKTI_Nokia_TAS_DOX_DIFF_Summary_2023_02_01-08_01_37_PM.txt
SHAKTI,Nokia_TAS_FMS,DIFF_Summary,5148,0,5148,2777665,PASS,PASS,303.20,01-02-2023 08:19PM,SHAKTI_Nokia_TAS_FMS_DIFF_Summary_2023_02_01-08_14_14_PM.txt
SHAKTI,Nokia_TAS_HDP,DIFF_Summary,5149,0,5149,22696848,PASS,PASS,3250.23,01-02-2023 09:15PM,SHAKTI_Nokia_TAS_HDP_DIFF_Summary_2023_02_01-08_21_30_PM.txt
SHAKTI,Nokia_TAS_Legal,DIFF_Summary,5149,0,5149,22691699,PASS,PASS,2431.60,02-02-2023 06:11AM,SHAKTI_Nokia_TAS_Legal_DIFF_Summary_2023_02_02-05_31_27_AM.txt
SHAKTI,Nokia_TAS_ICB,DIFF_Summary,5601,0,5601,5122309,PASS,PASS,471.95,02-02-2023 06:21AM,SHAKTI_Nokia_TAS_ICB_DIFF_Summary_2023_02_02-06_13_15_AM.txt
SHAKTI,Nokia_TAS_DOX,DIFF_Summary,474,0,474,147048,PASS,PASS,17.87,02-02-2023 06:25AM,SHAKTI_Nokia_TAS_DOX_DIFF_Summary_2023_02_02-06_24_46_AM.txt
SHAKTI,Nokia_TAS_FMS,DIFF_Summary,474,0,474,38407,PASS,PASS,4.68,02-02-2023 06:25AM,SHAKTI_Nokia_TAS_FMS_DIFF_Summary_2023_02_02-06_25_36_AM.txt
SHAKTI,Nokia_TAS_HDP,DIFF_Summary,474,0,474,1762705,PASS,PASS,249.01,02-02-2023 06:30AM,SHAKTI_Nokia_TAS_HDP_DIFF_Summary_2023_02_02-06_26_14_AM.txt
SHAKTI,Nokia_TAS_Legal,DIFF_Summary,474,0,474,1762231,PASS,PASS,189.70,02-02-2023 06:34AM,SHAKTI_Nokia_TAS_Legal_DIFF_Summary_2023_02_02-06_30_59_AM.txt
SHAKTI,MTAS_ASCII,DIFF_Summary,474,0,474,2331464,PASS,PASS,451.12,02-02-2023 06:49AM,SHAKTI_MTAS_ASCII_DIFF_Summary_2023_02_02-06_42_27_AM.txt
SHAKTI,MTAS_ASCII,DIFF_Summary,5149,0,5149,23778332,PASS,PASS,4603.65,02-02-2023 08:08AM,SHAKTI_MTAS_ASCII_DIFF_Summary_2023_02_02-06_51_47_AM.txt
SHAKTI,Nokia_TAS_DOX,DIFF_Summary,18542,0,18542,11340174,PASS,PASS,1608.45,02-02-2023 08:36AM,SHAKTI_Nokia_TAS_DOX_DIFF_Summary_2023_02_02-08_09_16_AM.txt
SHAKTI,Nokia_TAS_DOX_SMS,DIFF_Summary,10770,0,10770,119123,PASS,PASS,27.92,02-02-2023 08:42AM,SHAKTI_Nokia_TAS_DOX_SMS_DIFF_Summary_2023_02_02-08_41_47_AM.txt
SHAKTI,Nokia_TAS_FMS,DIFF_Summary,18540,0,18540,8292402,PASS,PASS,889.35,02-02-2023 08:57AM,SHAKTI_Nokia_TAS_FMS_DIFF_Summary_2023_02_02-08_42_48_AM.txt
SHAKTI,Nokia_TAS_FMS_SMS,DIFF_Summary,10656,0,10656,70022,PASS,PASS,19.55,02-02-2023 09:00AM,SHAKTI_Nokia_TAS_FMS_SMS_DIFF_Summary_2023_02_02-08_59_52_AM.txt
SHAKTI,Nokia_TAS_Legal,DIFF_Summary,18542,0,18542,76134891,PASS,PASS,10271.97,02-02-2023 11:55AM,SHAKTI_Nokia_TAS_Legal_DIFF_Summary_2023_02_02-09_03_50_AM.txt
SHAKTI,Nokia_TAS_Legal_SMS,DIFF_Summary,10943,0,10943,533724,PASS,PASS,75.42,02-02-2023 11:56AM,SHAKTI_Nokia_TAS_Legal_SMS_DIFF_Summary_2023_02_02-11_55_33_AM.txt
SHAKTI,Nokia_TAS_ICB_SMS,DIFF_Summary,4279,0,4279,4216359,PASS,PASS,405.75,02-02-2023 12:05PM,SHAKTI_Nokia_TAS_ICB_SMS_DIFF_Summary_2023_02_02-11_58_44_AM.txt
SHAKTI,Nokia_TAS_ICB,DIFF_Summary,18541,0,18541,14580509,PASS,PASS,1334.10,02-02-2023 12:35PM,SHAKTI_Nokia_TAS_ICB_DIFF_Summary_2023_02_02-12_13_02_PM.txt
SHAKTI,Nokia_TAS_HDP,DIFF_Summary,18542,0,18542,76687157,PASS,PASS,10851.00,02-02-2023 03:39PM,SHAKTI_Nokia_TAS_HDP_DIFF_Summary_2023_02_02-12_39_06_PM.txt
SHUBHAM,MAVENIR_IPSM_DOX,DIFF_Summary,10,0,10,191,PASS,PASS,0.04,02-02-2023 05:07PM,SHUBHAM_MAVENIR_IPSM_DOX_DIFF_Summary_2023_02_02-05_07_57_PM.txt
SHUBHAM,MAVENIR_IPSM_DOX,ZIP_Detailed,10,0,10,191,PASS,n/a,0.02,02-02-2023 05:12PM,SHUBHAM_MAVENIR_IPSM_DOX_ZIP_Detailed_2023_02_02-05_12_19_PM.txt
SHUBHAM,MAVENIR_IPSM_FMS,ZIP_Detailed,8,0,8,32,PASS,n/a,0.02,02-02-2023 05:14PM,SHUBHAM_MAVENIR_IPSM_FMS_ZIP_Detailed_2023_02_02-05_14_16_PM.txt
SHUBHAM,MAVENIR_IPSM_FMS,DIFF_Summary,8,0,8,32,PASS,PASS,0.02,02-02-2023 05:15PM,SHUBHAM_MAVENIR_IPSM_FMS_DIFF_Summary_2023_02_02-05_15_11_PM.txt
SHUBHAM,MAVENIR_IPSM_HDBI,DIFF_Summary,10,0,10,7138,PASS,PASS,0.83,02-02-2023 05:19PM,SHUBHAM_MAVENIR_IPSM_HDBI_DIFF_Summary_2023_02_02-05_19_16_PM.txt
SHUBHAM,MAVENIR_IPSM_HDBI,ZIP_Detailed,10,0,10,7138,PASS,n/a,0.03,02-02-2023 05:20PM,SHUBHAM_MAVENIR_IPSM_HDBI_ZIP_Detailed_2023_02_02-05_20_01_PM.txt
SHUBHAM,MAVENIR_IPSM_ICB,ZIP_Detailed,10,0,10,2249,PASS,n/a,0.03,02-02-2023 05:22PM,SHUBHAM_MAVENIR_IPSM_ICB_ZIP_Detailed_2023_02_02-05_22_12_PM.txt
SHUBHAM,MAVENIR_IPSM_ICB,DIFF_Summary,10,0,10,2249,PASS,PASS,0.16,02-02-2023 05:22PM,SHUBHAM_MAVENIR_IPSM_ICB_DIFF_Summary_2023_02_02-05_22_52_PM.txt
SHUBHAM,MAVENIR_IPSM_SEC_SMSO,DIFF_Summary,10,0,10,1436,PASS,PASS,0.17,02-02-2023 05:24PM,SHUBHAM_MAVENIR_IPSM_SEC_SMSO_DIFF_Summary_2023_02_02-05_24_12_PM.txt
SHUBHAM,MAVENIR_IPSM_SEC_SMSO,ZIP_Detailed,10,0,10,1436,PASS,n/a,0.02,02-02-2023 05:24PM,SHUBHAM_MAVENIR_IPSM_SEC_SMSO_ZIP_Detailed_2023_02_02-05_24_52_PM.txt
SHUBHAM,MAVENIR_IPSM_SEC_SMST,ZIP_Detailed,10,0,10,5682,PASS,n/a,0.04,02-02-2023 05:27PM,SHUBHAM_MAVENIR_IPSM_SEC_SMST_ZIP_Detailed_2023_02_02-05_27_50_PM.txt
SHUBHAM,MAVENIR_IPSM_SEC_SMST,DIFF_Summary,10,0,10,5682,PASS,PASS,0.43,02-02-2023 05:28PM,SHUBHAM_MAVENIR_IPSM_SEC_SMST_DIFF_Summary_2023_02_02-05_28_24_PM.txt
SHUBHAM,MAVENIR_IPSM_DOX,DIFF_Summary,1039,0,1039,13424,PASS,PASS,2.88,02-02-2023 05:54PM,SHUBHAM_MAVENIR_IPSM_DOX_DIFF_Summary_2023_02_02-05_54_16_PM.txt
SHUBHAM,MAVENIR_IPSM_FMS,DIFF_Summary,665,0,665,2031,PASS,PASS,1.18,02-02-2023 05:54PM,SHUBHAM_MAVENIR_IPSM_FMS_DIFF_Summary_2023_02_02-05_54_55_PM.txt
SHUBHAM,MAVENIR_IPSM_HDBI,DIFF_Summary,1142,0,1142,965529,PASS,PASS,115.26,02-02-2023 05:57PM,SHUBHAM_MAVENIR_IPSM_HDBI_DIFF_Summary_2023_02_02-05_55_33_PM.txt
SHUBHAM,MAVENIR_IPSM_ICB,DIFF_Summary,1142,0,1142,288239,PASS,PASS,27.60,02-02-2023 05:59PM,SHUBHAM_MAVENIR_IPSM_ICB_DIFF_Summary_2023_02_02-05_58_38_PM.txt
SHUBHAM,MAVENIR_IPSM_SEC_SMSO,DIFF_Summary,1134,0,1134,76156,PASS,PASS,9.28,02-02-2023 05:59PM,SHUBHAM_MAVENIR_IPSM_SEC_SMSO_DIFF_Summary_2023_02_02-05_59_44_PM.txt
SHUBHAM,MAVENIR_IPSM_SEC_SMST,DIFF_Summary,1142,0,1142,887089,PASS,PASS,94.89,02-02-2023 06:02PM,SHUBHAM_MAVENIR_IPSM_SEC_SMST_DIFF_Summary_2023_02_02-06_00_36_PM.txt
MANGESH,TANLA_SMSC_ICB,DIFF_Summary,8757,10,8767,139569489,FAIL,FAIL,13275.40,02-02-2023 06:11PM,MANGESH_TANLA_SMSC_ICB_DIFF_Summary_2023_02_02-02_30_32_PM.txt
SHAKTI,Nokia_TAS_DOX,ZIP_Detailed,10,0,10,4014,PASS,n/a,0.02,02-02-2023 07:24PM,SHAKTI_Nokia_TAS_DOX_ZIP_Detailed_2023_02_02-07_24_46_PM.txt
SHAKTI,Nokia_TAS_DOX_SMS,ZIP_Detailed,5,0,5,220,PASS,n/a,0.01,02-02-2023 07:25PM,SHAKTI_Nokia_TAS_DOX_SMS_ZIP_Detailed_2023_02_02-07_25_38_PM.txt
SHAKTI,Nokia_TAS_FMS,ZIP_Detailed,10,0,10,2339,PASS,n/a,0.02,02-02-2023 07:26PM,SHAKTI_Nokia_TAS_FMS_ZIP_Detailed_2023_02_02-07_26_20_PM.txt
SHAKTI,Nokia_TAS_FMS_SMS,ZIP_Detailed,5,0,5,82,PASS,n/a,0.02,02-02-2023 07:26PM,SHAKTI_Nokia_TAS_FMS_SMS_ZIP_Detailed_2023_02_02-07_26_57_PM.txt
SHAKTI,Nokia_TAS_HDP,ZIP_Detailed,10,0,10,47471,PASS,n/a,0.09,02-02-2023 07:27PM,SHAKTI_Nokia_TAS_HDP_ZIP_Detailed_2023_02_02-07_27_28_PM.txt
SHAKTI,Nokia_TAS_Legal,ZIP_Detailed,10,0,10,45670,PASS,n/a,0.07,02-02-2023 07:28PM,SHAKTI_Nokia_TAS_Legal_ZIP_Detailed_2023_02_02-07_28_10_PM.txt
SHAKTI,Nokia_TAS_Legal_SMS,ZIP_Detailed,5,0,5,1791,PASS,n/a,0.02,02-02-2023 07:28PM,SHAKTI_Nokia_TAS_Legal_SMS_ZIP_Detailed_2023_02_02-07_28_42_PM.txt
SHAKTI,Nokia_TAS_ICB,ZIP_Detailed,10,0,10,7925,PASS,n/a,0.02,02-02-2023 07:29PM,SHAKTI_Nokia_TAS_ICB_ZIP_Detailed_2023_02_02-07_29_16_PM.txt
SHAKTI,Nokia_TAS_ICB_SMS,ZIP_Detailed,5,0,5,9562,PASS,n/a,0.02,02-02-2023 07:29PM,SHAKTI_Nokia_TAS_ICB_SMS_ZIP_Detailed_2023_02_02-07_29_46_PM.txt
SHAKTI,Nokia_TAS_DOX,DIFF_Summary,10,0,10,4014,PASS,PASS,0.51,02-02-2023 07:31PM,SHAKTI_Nokia_TAS_DOX_DIFF_Summary_2023_02_02-07_31_35_PM.txt
SHAKTI,Nokia_TAS_DOX_SMS,DIFF_Summary,5,0,5,220,PASS,PASS,0.03,02-02-2023 07:32PM,SHAKTI_Nokia_TAS_DOX_SMS_DIFF_Summary_2023_02_02-07_32_05_PM.txt
SHAKTI,Nokia_TAS_FMS,DIFF_Summary,10,0,10,2339,PASS,PASS,0.25,02-02-2023 07:32PM,SHAKTI_Nokia_TAS_FMS_DIFF_Summary_2023_02_02-07_32_38_PM.txt
SHAKTI,Nokia_TAS_FMS_SMS,DIFF_Summary,5,0,5,82,PASS,PASS,0.02,02-02-2023 07:33PM,SHAKTI_Nokia_TAS_FMS_SMS_DIFF_Summary_2023_02_02-07_33_14_PM.txt
SHAKTI,Nokia_TAS_HDP,DIFF_Summary,10,0,10,47471,PASS,PASS,7.29,02-02-2023 07:33PM,SHAKTI_Nokia_TAS_HDP_DIFF_Summary_2023_02_02-07_33_43_PM.txt
SHAKTI,Nokia_TAS_Legal,DIFF_Summary,10,0,10,45670,PASS,PASS,5.29,02-02-2023 07:34PM,SHAKTI_Nokia_TAS_Legal_DIFF_Summary_2023_02_02-07_34_28_PM.txt
SHAKTI,Nokia_TAS_Legal_SMS,DIFF_Summary,5,0,5,1791,PASS,PASS,0.21,02-02-2023 07:35PM,SHAKTI_Nokia_TAS_Legal_SMS_DIFF_Summary_2023_02_02-07_35_01_PM.txt
SHAKTI,Nokia_TAS_ICB,DIFF_Summary,10,0,10,7925,PASS,PASS,0.62,02-02-2023 07:35PM,SHAKTI_Nokia_TAS_ICB_DIFF_Summary_2023_02_02-07_35_37_PM.txt
SHAKTI,Nokia_TAS_ICB_SMS,DIFF_Summary,5,0,5,9562,PASS,PASS,0.92,02-02-2023 07:36PM,SHAKTI_Nokia_TAS_ICB_SMS_DIFF_Summary_2023_02_02-07_36_06_PM.txt
SHAKTI,Nokia_TAS_DOX,ZIP_Detailed,10,0,10,3196,PASS,n/a,0.02,02-02-2023 08:06PM,SHAKTI_Nokia_TAS_DOX_ZIP_Detailed_2023_02_02-08_06_45_PM.txt
SHAKTI,Nokia_TAS_FMS,ZIP_Detailed,10,0,10,1587,PASS,n/a,0.02,02-02-2023 08:07PM,SHAKTI_Nokia_TAS_FMS_ZIP_Detailed_2023_02_02-08_07_21_PM.txt
SHAKTI,Nokia_TAS_HDP,ZIP_Detailed,10,0,10,23087,PASS,n/a,0.05,02-02-2023 08:07PM,SHAKTI_Nokia_TAS_HDP_ZIP_Detailed_2023_02_02-08_07_58_PM.txt
SHAKTI,Nokia_TAS_Legal,ZIP_Detailed,10,0,10,23077,PASS,n/a,0.04,02-02-2023 08:08PM,SHAKTI_Nokia_TAS_Legal_ZIP_Detailed_2023_02_02-08_08_24_PM.txt
SHAKTI,Nokia_TAS_ICB,ZIP_Detailed,10,0,10,7318,PASS,n/a,0.02,02-02-2023 08:09PM,SHAKTI_Nokia_TAS_ICB_ZIP_Detailed_2023_02_02-08_09_02_PM.txt
SHAKTI,MTAS_ASCII,ZIP_Detailed,10,1,11,26319,FAIL,n/a,0.08,02-02-2023 08:09PM,SHAKTI_MTAS_ASCII_ZIP_Detailed_2023_02_02-08_09_44_PM.txt
SHAKTI,MTAS_ASCII,DIFF_Summary,10,1,11,26319,FAIL,PASS,5.76,02-02-2023 08:10PM,SHAKTI_MTAS_ASCII_DIFF_Summary_2023_02_02-08_10_29_PM.txt
SHAKTI,MTAS_ASCII,ZIP_Detailed,10,0,10,26319,PASS,n/a,0.08,02-02-2023 08:13PM,SHAKTI_MTAS_ASCII_ZIP_Detailed_2023_02_02-08_13_33_PM.txt
SHAKTI,MTAS_ASCII,DIFF_Summary,10,0,10,26319,PASS,PASS,5.00,02-02-2023 08:14PM,SHAKTI_MTAS_ASCII_DIFF_Summary_2023_02_02-08_14_13_PM.txt
SHAKTI,Nokia_TAS_DOX,DIFF_Summary,10,0,10,3196,PASS,PASS,0.33,02-02-2023 08:14PM,SHAKTI_Nokia_TAS_DOX_DIFF_Summary_2023_02_02-08_14_46_PM.txt
SHAKTI,Nokia_TAS_FMS,DIFF_Summary,10,0,10,1587,PASS,PASS,0.17,02-02-2023 08:15PM,SHAKTI_Nokia_TAS_FMS_DIFF_Summary_2023_02_02-08_15_12_PM.txt
SHAKTI,Nokia_TAS_HDP,DIFF_Summary,10,0,10,23087,PASS,PASS,3.15,02-02-2023 08:15PM,SHAKTI_Nokia_TAS_HDP_DIFF_Summary_2023_02_02-08_15_37_PM.txt
SHAKTI,Nokia_TAS_Legal,DIFF_Summary,10,0,10,23077,PASS,PASS,2.36,02-02-2023 08:16PM,SHAKTI_Nokia_TAS_Legal_DIFF_Summary_2023_02_02-08_16_07_PM.txt
SHAKTI,Nokia_TAS_ICB,DIFF_Summary,10,0,10,7318,PASS,PASS,0.63,02-02-2023 08:16PM,SHAKTI_Nokia_TAS_ICB_DIFF_Summary_2023_02_02-08_16_32_PM.txt
SHUBHAM,HUAWEI_TAS_ASCII,DIFF_Summary,10,0,10,103973,PASS,PASS,21.73,02-02-2023 08:21PM,SHUBHAM_HUAWEI_TAS_ASCII_DIFF_Summary_2023_02_02-08_21_28_PM.txt
SHUBHAM,HUAWEI_TAS_HADOOP,DIFF_Summary,10,0,10,101418,PASS,PASS,12.51,02-02-2023 08:22PM,SHUBHAM_HUAWEI_TAS_HADOOP_DIFF_Summary_2023_02_02-08_22_46_PM.txt
SHUBHAM,HUAWEI_TAS_FMS,DIFF_Summary,10,0,10,1953,PASS,PASS,0.21,02-02-2023 08:23PM,SHUBHAM_HUAWEI_TAS_FMS_DIFF_Summary_2023_02_02-08_23_35_PM.txt
SHUBHAM,HUAWEI_TAS_FMS_SMS,DIFF_Summary,10,0,10,451,PASS,PASS,0.06,02-02-2023 08:24PM,SHUBHAM_HUAWEI_TAS_FMS_SMS_DIFF_Summary_2023_02_02-08_24_11_PM.txt
SHUBHAM,HUAWEI_TAS_DOX,DIFF_Summary,10,0,10,1952,PASS,PASS,0.29,02-02-2023 08:25PM,SHUBHAM_HUAWEI_TAS_DOX_DIFF_Summary_2023_02_02-08_25_04_PM.txt
SHUBHAM,HUAWEI_TAS_DOX_SMS,DIFF_Summary,10,0,10,451,PASS,PASS,0.07,02-02-2023 08:25PM,SHUBHAM_HUAWEI_TAS_DOX_SMS_DIFF_Summary_2023_02_02-08_25_40_PM.txt
SHUBHAM,HUAWEI_TAS_ICB_NLD,DIFF_Summary,162,0,162,2872,PASS,PASS,0.62,02-02-2023 08:26PM,SHUBHAM_HUAWEI_TAS_ICB_NLD_DIFF_Summary_2023_02_02-08_26_17_PM.txt
SHUBHAM,HUAWEI_TAS_ICB_SMS,DIFF_Summary,10,0,10,25772,PASS,PASS,2.43,02-02-2023 08:26PM,SHUBHAM_HUAWEI_TAS_ICB_SMS_DIFF_Summary_2023_02_02-08_26_51_PM.txt
SHUBHAM,HUAWEI_TAS_LEGAL,DIFF_Summary,10,0,10,94773,PASS,PASS,10.96,02-02-2023 08:27PM,SHUBHAM_HUAWEI_TAS_LEGAL_DIFF_Summary_2023_02_02-08_27_28_PM.txt
SHUBHAM,HUAWEI_TAS_LEGAL_SMS,DIFF_Summary,10,0,10,6625,PASS,PASS,0.68,02-02-2023 08:28PM,SHUBHAM_HUAWEI_TAS_LEGAL_SMS_DIFF_Summary_2023_02_02-08_28_09_PM.txt
SHUBHAM,HUAWEI_TAS_ASCII,ZIP_Detailed,10,0,10,103973,PASS,n/a,0.22,02-02-2023 08:29PM,SHUBHAM_HUAWEI_TAS_ASCII_ZIP_Detailed_2023_02_02-08_29_49_PM.txt
SHUBHAM,HUAWEI_TAS_HADOOP,ZIP_Detailed,10,0,10,101418,PASS,n/a,0.10,02-02-2023 08:30PM,SHUBHAM_HUAWEI_TAS_HADOOP_ZIP_Detailed_2023_02_02-08_30_34_PM.txt
SHUBHAM,HUAWEI_TAS_FMS,ZIP_Detailed,10,0,10,1953,PASS,n/a,0.02,02-02-2023 08:31PM,SHUBHAM_HUAWEI_TAS_FMS_ZIP_Detailed_2023_02_02-08_31_14_PM.txt
SHUBHAM,HUAWEI_TAS_FMS_SMS,ZIP_Detailed,10,0,10,451,PASS,n/a,0.02,02-02-2023 08:31PM,SHUBHAM_HUAWEI_TAS_FMS_SMS_ZIP_Detailed_2023_02_02-08_31_58_PM.txt
SHUBHAM,HUAWEI_TAS_DOX,ZIP_Detailed,10,0,10,1952,PASS,n/a,0.02,02-02-2023 08:32PM,SHUBHAM_HUAWEI_TAS_DOX_ZIP_Detailed_2023_02_02-08_32_43_PM.txt
SHUBHAM,HUAWEI_TAS_DOX_SMS,ZIP_Detailed,10,0,10,451,PASS,n/a,0.02,02-02-2023 08:33PM,SHUBHAM_HUAWEI_TAS_DOX_SMS_ZIP_Detailed_2023_02_02-08_33_23_PM.txt
SHUBHAM,HUAWEI_TAS_ICB_NLD,ZIP_Detailed,162,0,162,2872,PASS,n/a,0.05,02-02-2023 08:33PM,SHUBHAM_HUAWEI_TAS_ICB_NLD_ZIP_Detailed_2023_02_02-08_33_56_PM.txt
SHUBHAM,HUAWEI_TAS_ICB_SMS,ZIP_Detailed,10,0,10,25772,PASS,n/a,0.03,02-02-2023 08:34PM,SHUBHAM_HUAWEI_TAS_ICB_SMS_ZIP_Detailed_2023_02_02-08_34_42_PM.txt
SHUBHAM,HUAWEI_TAS_LEGAL_SMS,ZIP_Detailed,10,0,10,6625,PASS,n/a,0.02,02-02-2023 08:36PM,SHUBHAM_HUAWEI_TAS_LEGAL_SMS_ZIP_Detailed_2023_02_02-08_36_29_PM.txt
SHUBHAM,HUAWEI_TAS_LEGAL,ZIP_Detailed,10,0,10,94773,PASS,n/a,0.07,02-02-2023 08:37PM,SHUBHAM_HUAWEI_TAS_LEGAL_ZIP_Detailed_2023_02_02-08_37_40_PM.txt
RAJU,BSMT_SMSC_ASCII,ZIP_Detailed,21142,0,21142,130391415,PASS,n/a,112.56,03-02-2023 12:18PM,RAJU_BSMT_SMSC_ASCII_ZIP_Detailed_2023_02_03-12_16_42_PM.txt
MANGESH,TANLA_SMSC_ICB,ZIP_Summary,10,0,10,167375,PASS,n/a,0.21,03-02-2023 01:01PM,MANGESH_TANLA_SMSC_ICB_ZIP_Summary_2023_02_03-01_01_00_PM.txt
MANGESH,TANLA_SMSC_ICB,ZIP_Detailed,10,0,10,167375,PASS,n/a,0.08,03-02-2023 01:14PM,MANGESH_TANLA_SMSC_ICB_ZIP_Detailed_2023_02_03-01_14_31_PM.txt
SHUBHAM,HUAWEI_TAS_FMS_SMS,DIFF_Summary,4830,0,4830,68377,PASS,PASS,42.75,03-02-2023 02:17PM,SHUBHAM_HUAWEI_TAS_FMS_SMS_DIFF_Summary_2023_02_03-02_16_19_PM.txt
SHUBHAM,HUAWEI_TAS_DOX_SMS,DIFF_Summary,4830,0,4830,68319,PASS,PASS,47.41,03-02-2023 02:21PM,SHUBHAM_HUAWEI_TAS_DOX_SMS_DIFF_Summary_2023_02_03-02_20_34_PM.txt
SHUBHAM,HUAWEI_TAS_FMS,DIFF_Summary,5724,0,5724,4237943,PASS,PASS,2376.86,03-02-2023 02:49PM,SHUBHAM_HUAWEI_TAS_FMS_DIFF_Summary_2023_02_03-02_09_29_PM.txt
SHUBHAM,HUAWEI_TAS_DOX,DIFF_Summary,5724,0,5724,4237428,PASS,PASS,2457.38,03-02-2023 02:59PM,SHUBHAM_HUAWEI_TAS_DOX_DIFF_Summary_2023_02_03-02_18_26_PM.txt
SHUBHAM,HUAWEI_TAS_LEGAL_SMS,DIFF_Summary,4841,0,4841,806508,PASS,PASS,452.37,03-02-2023 03:18PM,SHUBHAM_HUAWEI_TAS_LEGAL_SMS_DIFF_Summary_2023_02_03-03_10_42_PM.txt
SHUBHAM,HUAWEI_TAS_ICB_SMS,DIFF_Summary,4841,0,4841,8607523,PASS,PASS,4880.58,03-02-2023 03:44PM,SHUBHAM_HUAWEI_TAS_ICB_SMS_DIFF_Summary_2023_02_03-02_23_26_PM.txt
RAJU,BSMT_SMSC_ASCII,DIFF_Summary,21142,0,21142,130391415,PASS,PASS,14350.29,03-02-2023 04:11PM,RAJU_BSMT_SMSC_ASCII_DIFF_Summary_2023_02_03-12_12_11_PM.txt
MANGESH,TANLA_SMSC_ASCII,DIFF_Summary,8756,10,8766,370757088,FAIL,PASS,33585.57,03-02-2023 07:09PM,MANGESH_TANLA_SMSC_ASCII_DIFF_Summary_2023_02_03-09_49_28_AM.txt
SHUBHAM,HUAWEI_TAS_ICB_NLD,DIFF_Summary,78663,0,78663,1236018,PASS,PASS,634.24,03-02-2023 07:10PM,SHUBHAM_HUAWEI_TAS_ICB_NLD_DIFF_Summary_2023_02_03-07_00_20_PM.txt
SHUBHAM,HUAWEI_TAS_ASCII,DIFF_Summary,5724,0,5724,53145722,PASS,PASS,28276.40,03-02-2023 07:20PM,SHUBHAM_HUAWEI_TAS_ASCII_DIFF_Summary_2023_02_03-11_29_16_AM.txt
RAJU,BSMT_SMSC_ICB,ZIP_Detailed,83145,2846,85991,51511353,FAIL,n/a,117.56,03-02-2023 07:50PM,RAJU_BSMT_SMSC_ICB_ZIP_Detailed_2023_02_03-07_48_38_PM.txt
MANGESH,TANLA_SMSC_ASCII,ZIP_Detailed,10,0,10,431040,PASS,n/a,0.34,03-02-2023 08:13PM,MANGESH_TANLA_SMSC_ASCII_ZIP_Detailed_2023_02_03-08_13_37_PM.txt
MANGESH,COMVIVA_SMSC_ICB,DIFF_Summary,59,1,60,28554,FAIL,PASS,2.19,03-02-2023 08:18PM,MANGESH_COMVIVA_SMSC_ICB_DIFF_Summary_2023_02_03-08_18_12_PM.txt
MANGESH,COMVIVA_SMSC_ICB,DIFF_Summary,59,0,59,28554,PASS,PASS,1.99,03-02-2023 08:21PM,MANGESH_COMVIVA_SMSC_ICB_DIFF_Summary_2023_02_03-08_21_47_PM.txt
MANGESH,COMVIVA_SMSC_ASCII,DIFF_Summary,10,0,10,96093,PASS,PASS,9.12,03-02-2023 08:22PM,MANGESH_COMVIVA_SMSC_ASCII_DIFF_Summary_2023_02_03-08_22_37_PM.txt
MANGESH,COMVIVA_SMSC_RSMS,DIFF_Summary,11,0,11,13,PASS,PASS,0.02,03-02-2023 08:32PM,MANGESH_COMVIVA_SMSC_RSMS_DIFF_Summary_2023_02_03-08_32_15_PM.txt
MANGESH,COMVIVA_SMSC_RSMS,ZIP_Detailed,11,0,11,13,PASS,n/a,0.02,03-02-2023 08:34PM,MANGESH_COMVIVA_SMSC_RSMS_ZIP_Detailed_2023_02_03-08_34_12_PM.txt
MANGESH,COMVIVA_SMSC_ICB,ZIP_Detailed,59,0,59,28554,PASS,n/a,0.05,03-02-2023 08:34PM,MANGESH_COMVIVA_SMSC_ICB_ZIP_Detailed_2023_02_03-08_34_57_PM.txt
MANGESH,COMVIVA_SMSC_ASCII,ZIP_Detailed,10,0,10,96093,PASS,n/a,0.09,03-02-2023 08:35PM,MANGESH_COMVIVA_SMSC_ASCII_ZIP_Detailed_2023_02_03-08_35_49_PM.txt
SHUBHAM,HUAWEI_TAS_HADOOP,DIFF_Summary,5724,0,5724,51152202,PASS,PASS,17402.64,03-02-2023 08:41PM,SHUBHAM_HUAWEI_TAS_HADOOP_DIFF_Summary_2023_02_03-03_51_50_PM.txt
SHUBHAM,HUAWEI_TAS_LEGAL,DIFF_Summary,5724,0,5724,50334246,PASS,PASS,5170.68,03-02-2023 09:24PM,SHUBHAM_HUAWEI_TAS_LEGAL_DIFF_Summary_2023_02_03-07_57_57_PM.txt
RAJU,BSMT_SMSC_ICB,ZIP_Summary,84568,0,84568,52414053,PASS,n/a,79.29,06-02-2023 10:57AM,RAJU_BSMT_SMSC_ICB_ZIP_Summary_2023_02_06-10_55_49_AM.txt
RAJU,BSMT_SMSC_ICB,DIFF_Summary,84568,0,84568,52414053,PASS,PASS,5389.96,06-02-2023 12:24PM,RAJU_BSMT_SMSC_ICB_DIFF_Summary_2023_02_06-10_54_17_AM.txt
SHAKTI,LRN_ENRICHMENT_ATCA,DIFF_Summary,233,0,233,3052844,PASS,FAIL,294.17,06-02-2023 01:36PM,SHAKTI_LRN_ENRICHMENT_ATCA_DIFF_Summary_2023_02_06-01_31_53_PM.txt
SHAKTI,LRN_ENRICHMENT_ATCA,DIFF_Summary,233,0,233,3052844,PASS,FAIL,330.15,06-02-2023 01:55PM,SHAKTI_LRN_ENRICHMENT_ATCA_DIFF_Summary_2023_02_06-01_49_42_PM.txt
MANGESH,COMVIVA_SMSC_ICB,DIFF_Summary,23166,0,23166,7545227,PASS,PASS,676.70,06-02-2023 01:58PM,MANGESH_COMVIVA_SMSC_ICB_DIFF_Summary_2023_02_06-01_47_07_PM.txt
SHAKTI,LRN_ENRICHMENT_ATCA,DIFF_Summary,233,0,233,3052844,PASS,FAIL,347.73,06-02-2023 02:02PM,SHAKTI_LRN_ENRICHMENT_ATCA_DIFF_Summary_2023_02_06-01_57_07_PM.txt
SHAKTI,LRN_ENRICHMENT_ATCA,DIFF_Summary,233,0,233,3052844,PASS,FAIL,294.03,06-02-2023 02:13PM,SHAKTI_LRN_ENRICHMENT_ATCA_DIFF_Summary_2023_02_06-02_08_41_PM.txt
SHUBHAM,LRN_ENRICHMENT_SEC_HTAS_ICB,DIFF_Summary,4838,0,4838,8602008,PASS,FAIL,880.56,06-02-2023 02:57PM,SHUBHAM_LRN_ENRICHMENT_SEC_HTAS_ICB_DIFF_Summary_2023_02_06-02_42_32_PM.txt
SHAKTI,LRN_ENRICHMENT_ILD,DIFF_Summary,2922,0,2922,2376443,PASS,FAIL,244.55,06-02-2023 03:09PM,SHAKTI_LRN_ENRICHMENT_ILD_DIFF_Summary_2023_02_06-03_05_21_PM.txt
SHUBHAM,LRN_ENRICHMENT_SEC_HTAS_ICB,DIFF_Summary,4838,0,4838,8602008,PASS,FAIL,750.58,06-02-2023 03:16PM,SHUBHAM_LRN_ENRICHMENT_SEC_HTAS_ICB_DIFF_Summary_2023_02_06-03_03_56_PM.txt
MANGESH,TANLA_SMSC_ICB,DIFF_Summary,10,0,10,167375,PASS,PASS,16.55,06-02-2023 03:33PM,MANGESH_TANLA_SMSC_ICB_DIFF_Summary_2023_02_06-03_33_11_PM.txt
MANGESH,TANLA_SMSC_ASCII,DIFF_Summary,10,0,10,431040,PASS,PASS,51.03,06-02-2023 03:35PM,MANGESH_TANLA_SMSC_ASCII_DIFF_Summary_2023_02_06-03_34_18_PM.txt
SHUBHAM,LRN_ENRICHMENT_SEC_HTAS_ICB,DIFF_Summary,10,0,10,25194,PASS,PASS,7.28,06-02-2023 04:09PM,SHUBHAM_LRN_ENRICHMENT_SEC_HTAS_ICB_DIFF_Summary_2023_02_06-04_09_29_PM.txt
SHUBHAM,LRN_ENRICHMENT_SEC_HTAS_ICB,ZIP_Detailed,10,0,10,25194,PASS,n/a,0.03,06-02-2023 04:10PM,SHUBHAM_LRN_ENRICHMENT_SEC_HTAS_ICB_ZIP_Detailed_2023_02_06-04_10_33_PM.txt
SHAKTI,LRN_ENRICHMENT_NTAS_ICB,DIFF_Summary,4278,0,4278,4214817,PASS,FAIL,433.84,06-02-2023 04:38PM,SHAKTI_LRN_ENRICHMENT_NTAS_ICB_DIFF_Summary_2023_02_06-04_31_12_PM.txt
ROHAN,LRN_ENRICHMENT_ATCA,ZIP_Detailed,233,0,233,3052844,PASS,n/a,1.49,06-02-2023 05:16PM,ROHAN_LRN_ENRICHMENT_ATCA_ZIP_Detailed_2023_02_06-05_16_24_PM.txt
MANGESH,TANLA_SMSC_ICB,DIFF_Summary,8766,0,8766,139728108,PASS,PASS,13712.12,06-02-2023 08:01PM,MANGESH_TANLA_SMSC_ICB_DIFF_Summary_2023_02_06-04_13_17_PM.txt
SHAKTI,3G_LRN_ENRICHMENT_DOX,ZIP_Detailed,0,58,58,0,FAIL,n/a,0.19,06-02-2023 08:25PM,SHAKTI_3G_LRN_ENRICHMENT_DOX_ZIP_Detailed_2023_02_06-08_25_45_PM.txt
RAJU,BSMT_SMSC_ICB,ZIP_Detailed,40,0,40,24512,PASS,n/a,0.03,07-02-2023 03:27PM,RAJU_BSMT_SMSC_ICB_ZIP_Detailed_2023_02_07-03_27_03_PM.txt
RAJU,BSMT_SMSC_ICB,DIFF_Summary,40,0,40,24512,PASS,PASS,2.33,07-02-2023 03:27PM,RAJU_BSMT_SMSC_ICB_DIFF_Summary_2023_02_07-03_27_32_PM.txt
RAJU,SGSN_INROAM_DOX,DIFF_Summary,10,0,10,12012,PASS,PASS,1.62,07-02-2023 04:01PM,RAJU_SGSN_INROAM_DOX_DIFF_Summary_2023_02_07-04_01_49_PM.txt
RAJU,SGSN_INROAM_DOX,ZIP_Detailed,10,0,10,12012,PASS,n/a,0.04,07-02-2023 04:02PM,RAJU_SGSN_INROAM_DOX_ZIP_Detailed_2023_02_07-04_02_35_PM.txt
RAJU,SGSN_INROAM_NEW_DOX,ZIP_Detailed,10,0,10,9287,PASS,n/a,0.03,07-02-2023 04:34PM,RAJU_SGSN_INROAM_NEW_DOX_ZIP_Detailed_2023_02_07-04_34_01_PM.txt
RAJU,SGSN_INROAM_NEW_DOX,DIFF_Summary,10,0,10,9287,PASS,PASS,1.30,07-02-2023 04:34PM,RAJU_SGSN_INROAM_NEW_DOX_DIFF_Summary_2023_02_07-04_34_37_PM.txt
SHUBHAM,LRN_ENRICHMENT_LEGAL_HTAS_NTAS_MIPSM,ZIP_Detailed,5,0,5,3271,PASS,n/a,0.02,07-02-2023 08:05PM,SHUBHAM_LRN_ENRICHMENT_LEGAL_HTAS_NTAS_MIPSM_ZIP_Detailed_2023_02_07-08_05_27_PM.txt
SHUBHAM,LRN_ENRICHMENT_LEGAL_HTAS_NTAS_MIPSM,DIFF_Summary,5,0,5,3271,PASS,PASS,0.35,07-02-2023 08:06PM,SHUBHAM_LRN_ENRICHMENT_LEGAL_HTAS_NTAS_MIPSM_DIFF_Summary_2023_02_07-08_06_55_PM.txt
SHUBHAM,LRN_ENRICHMENT_LEGAL_HTAS_NTAS_MIPSM,DIFF_Summary,5,0,5,1953,PASS,PASS,0.21,07-02-2023 08:10PM,SHUBHAM_LRN_ENRICHMENT_LEGAL_HTAS_NTAS_MIPSM_DIFF_Summary_2023_02_07-08_10_01_PM.txt
SHUBHAM,LRN_ENRICHMENT_LEGAL_HTAS_NTAS_MIPSM,ZIP_Detailed,5,0,5,1953,PASS,n/a,0.02,07-02-2023 08:11PM,SHUBHAM_LRN_ENRICHMENT_LEGAL_HTAS_NTAS_MIPSM_ZIP_Detailed_2023_02_07-08_11_03_PM.txt
SHUBHAM,LRN_ENRICHMENT_LEGAL_HTAS_NTAS_MIPSM,ZIP_Detailed,5,0,5,751,PASS,n/a,0.02,07-02-2023 08:12PM,SHUBHAM_LRN_ENRICHMENT_LEGAL_HTAS_NTAS_MIPSM_ZIP_Detailed_2023_02_07-08_12_57_PM.txt
SHUBHAM,LRN_ENRICHMENT_LEGAL_HTAS_NTAS_MIPSM,DIFF_Summary,5,0,5,751,PASS,PASS,0.09,07-02-2023 08:13PM,SHUBHAM_LRN_ENRICHMENT_LEGAL_HTAS_NTAS_MIPSM_DIFF_Summary_2023_02_07-08_13_41_PM.txt
SHAKTI,LRN_ENRICHMENT_NTAS_ICB,DIFF_Summary,1152,0,1152,290488,PASS,FAIL,35.52,07-02-2023 09:10PM,SHAKTI_LRN_ENRICHMENT_NTAS_ICB_DIFF_Summary_2023_02_07-09_10_20_PM.txt
RAJU,SGSN_INROAM_DOX,ZIP_Detailed,1280,0,1280,930839,PASS,n/a,2.14,08-02-2023 12:05PM,RAJU_SGSN_INROAM_DOX_ZIP_Detailed_2023_02_08-12_05_21_PM.txt
RAJU,SGSN_INROAM_DOX,DIFF_Summary,1280,0,1280,930839,PASS,PASS,524.31,08-02-2023 12:45PM,RAJU_SGSN_INROAM_DOX_DIFF_Summary_2023_02_08-12_36_44_PM.txt
MANGESH,HUAWEI_NGN_ICB,DIFF_Summary,10,1,11,362870,FAIL,PASS,30.39,08-02-2023 01:30PM,MANGESH_HUAWEI_NGN_ICB_DIFF_Summary_2023_02_08-01_29_37_PM.txt
MANGESH,HUAWEI_NGN_ICB,DIFF_Summary,10,0,10,362870,PASS,PASS,30.75,08-02-2023 01:31PM,MANGESH_HUAWEI_NGN_ICB_DIFF_Summary_2023_02_08-01_31_16_PM.txt
MANGESH,HUAWEI_NGN_ICB_ILD,DIFF_Summary,1,0,1,2,PASS,PASS,0.02,08-02-2023 01:33PM,MANGESH_HUAWEI_NGN_ICB_ILD_DIFF_Summary_2023_02_08-01_33_10_PM.txt
SHAKTI,LRN_ENRICHMENT_NTAS_ICB,ZIP_Detailed,7,0,7,14267,PASS,n/a,0.02,08-02-2023 02:27PM,SHAKTI_LRN_ENRICHMENT_NTAS_ICB_ZIP_Detailed_2023_02_08-02_27_24_PM.txt
SHAKTI,LRN_ENRICHMENT_NTAS_ICB,DIFF_Summary,7,0,7,14267,PASS,FAIL,1.21,08-02-2023 02:28PM,SHAKTI_LRN_ENRICHMENT_NTAS_ICB_DIFF_Summary_2023_02_08-02_28_31_PM.txt
SHAKTI,LRN_ENRICHMENT_NTAS_ICB,ZIP_Detailed,11,0,11,2355,PASS,n/a,0.02,08-02-2023 02:32PM,SHAKTI_LRN_ENRICHMENT_NTAS_ICB_ZIP_Detailed_2023_02_08-02_32_24_PM.txt
SHAKTI,LRN_ENRICHMENT_NTAS_ICB,DIFF_Summary,11,0,11,2355,PASS,FAIL,0.22,08-02-2023 02:34PM,SHAKTI_LRN_ENRICHMENT_NTAS_ICB_DIFF_Summary_2023_02_08-02_34_14_PM.txt
SHAKTI,Nokia_TAS_ICB_SMS,ZIP_Detailed,11,0,11,2355,PASS,n/a,0.02,08-02-2023 02:35PM,SHAKTI_Nokia_TAS_ICB_SMS_ZIP_Detailed_2023_02_08-02_35_54_PM.txt
SHAKTI,Nokia_TAS_ICB_SMS,DIFF_Summary,11,0,11,2355,PASS,PASS,0.22,08-02-2023 02:36PM,SHAKTI_Nokia_TAS_ICB_SMS_DIFF_Summary_2023_02_08-02_36_29_PM.txt
SHAKTI,Nokia_TAS_ICB_SMS,ZIP_Detailed,7,0,7,14267,PASS,n/a,0.02,08-02-2023 02:38PM,SHAKTI_Nokia_TAS_ICB_SMS_ZIP_Detailed_2023_02_08-02_38_44_PM.txt
SHAKTI,Nokia_TAS_ICB_SMS,DIFF_Summary,7,0,7,14267,PASS,PASS,1.31,08-02-2023 02:39PM,SHAKTI_Nokia_TAS_ICB_SMS_DIFF_Summary_2023_02_08-02_39_36_PM.txt
SHUBHAM,LRN_ENRICHMENT_SEC_HTAS_ICB,DIFF_Summary,11,0,11,27311,PASS,FAIL,8.08,08-02-2023 03:52PM,SHUBHAM_LRN_ENRICHMENT_SEC_HTAS_ICB_DIFF_Summary_2023_02_08-03_52_11_PM.txt
SHUBHAM,LRN_ENRICHMENT_SEC_HTAS_ICB,ZIP_Detailed,11,0,11,27311,PASS,n/a,0.03,08-02-2023 03:53PM,SHUBHAM_LRN_ENRICHMENT_SEC_HTAS_ICB_ZIP_Detailed_2023_02_08-03_53_04_PM.txt
MANGESH,TAP_HDBI,DIFF_Summary,10,0,10,181,PASS,PASS,0.03,08-02-2023 04:27PM,MANGESH_TAP_HDBI_DIFF_Summary_2023_02_08-04_27_46_PM.txt
MANGESH,TAP_ASCII,DIFF_Summary,10,0,10,161,PASS,PASS,0.03,08-02-2023 04:30PM,MANGESH_TAP_ASCII_DIFF_Summary_2023_02_08-04_30_37_PM.txt
MANGESH,TAP_ASCII,ZIP_Detailed,10,0,10,161,PASS,n/a,0.02,08-02-2023 05:00PM,MANGESH_TAP_ASCII_ZIP_Detailed_2023_02_08-05_00_57_PM.txt
MANGESH,TAP_HDBI,ZIP_Detailed,10,0,10,181,PASS,n/a,0.02,08-02-2023 05:01PM,MANGESH_TAP_HDBI_ZIP_Detailed_2023_02_08-05_01_47_PM.txt
MANGESH,HUAWEI_NGN_ICB,ZIP_Detailed,10,0,10,362870,PASS,n/a,0.18,08-02-2023 05:04PM,MANGESH_HUAWEI_NGN_ICB_ZIP_Detailed_2023_02_08-05_04_27_PM.txt
MANGESH,HUAWEI_NGN_ICB_ILD,ZIP_Detailed,1,0,1,2,PASS,n/a,0.02,08-02-2023 05:05PM,MANGESH_HUAWEI_NGN_ICB_ILD_ZIP_Detailed_2023_02_08-05_05_16_PM.txt
MANGESH,HUAWEI_NGN_ASCII,ZIP_Detailed,10,0,10,369949,PASS,n/a,0.87,08-02-2023 05:05PM,MANGESH_HUAWEI_NGN_ASCII_ZIP_Detailed_2023_02_08-05_05_52_PM.txt
SHAKTI,Nokia_TAS_DOX_SMS,ZIP_Detailed,1,0,1,220,PASS,n/a,0.02,08-02-2023 06:58PM,SHAKTI_Nokia_TAS_DOX_SMS_ZIP_Detailed_2023_02_08-06_58_22_PM.txt
SHAKTI,Nokia_TAS_DOX_SMS,DIFF_Summary,1,0,1,220,PASS,PASS,0.04,08-02-2023 06:59PM,SHAKTI_Nokia_TAS_DOX_SMS_DIFF_Summary_2023_02_08-06_59_01_PM.txt
SHAKTI,Nokia_TAS_DOX_SMS,DIFF_Summary,5,0,5,220,PASS,PASS,0.04,08-02-2023 07:00PM,SHAKTI_Nokia_TAS_DOX_SMS_DIFF_Summary_2023_02_08-07_00_23_PM.txt
SHAKTI,Nokia_TAS_DOX_SMS,ZIP_Detailed,5,0,5,220,PASS,n/a,0.02,08-02-2023 07:01PM,SHAKTI_Nokia_TAS_DOX_SMS_ZIP_Detailed_2023_02_08-07_01_05_PM.txt
SHAKTI,MIPSM_TAS_DOX_SMS,ZIP_Detailed,10,0,10,191,PASS,n/a,0.02,08-02-2023 08:45PM,SHAKTI_MIPSM_TAS_DOX_SMS_ZIP_Detailed_2023_02_08-08_45_29_PM.txt
SHAKTI,MIPSM_TAS_DOX_SMS,DIFF_Summary,10,0,10,191,PASS,PASS,0.04,08-02-2023 08:46PM,SHAKTI_MIPSM_TAS_DOX_SMS_DIFF_Summary_2023_02_08-08_46_16_PM.txt
SHAKTI,MIPSM_TAS_DOX_SMS,ZIP_Detailed,1,0,1,191,PASS,n/a,0.02,08-02-2023 08:48PM,SHAKTI_MIPSM_TAS_DOX_SMS_ZIP_Detailed_2023_02_08-08_48_09_PM.txt
SHAKTI,MIPSM_TAS_DOX_SMS,DIFF_Summary,1,0,1,191,PASS,PASS,0.03,08-02-2023 08:49PM,SHAKTI_MIPSM_TAS_DOX_SMS_DIFF_Summary_2023_02_08-08_49_31_PM.txt
SHUBHAM,LRN_ENRICHMENT_HTAS_DOX_SMS,DIFF_Summary,1,0,1,208,PASS,PASS,0.04,08-02-2023 10:08PM,SHUBHAM_LRN_ENRICHMENT_HTAS_DOX_SMS_DIFF_Summary_2023_02_08-10_08_52_PM.txt
SHUBHAM,LRN_ENRICHMENT_HTAS_DOX_SMS,ZIP_Detailed,1,0,1,208,PASS,n/a,0.02,08-02-2023 10:09PM,SHUBHAM_LRN_ENRICHMENT_HTAS_DOX_SMS_ZIP_Detailed_2023_02_08-10_09_28_PM.txt
SHUBHAM,LRN_ENRICHMENT_HTAS_FMS_SMS,ZIP_Detailed,2,0,2,104,PASS,n/a,0.01,08-02-2023 10:10PM,SHUBHAM_LRN_ENRICHMENT_HTAS_FMS_SMS_ZIP_Detailed_2023_02_08-10_10_24_PM.txt
SHUBHAM,LRN_ENRICHMENT_HTAS_FMS_SMS,DIFF_Summary,2,0,2,104,PASS,PASS,0.02,08-02-2023 10:11PM,SHUBHAM_LRN_ENRICHMENT_HTAS_FMS_SMS_DIFF_Summary_2023_02_08-10_11_29_PM.txt
SHUBHAM,HUAWEI_LRN_ENRICH_MAVENIR_IPSM_FMS,DIFF_Summary,2,0,2,2,PASS,PASS,0.02,08-02-2023 10:12PM,SHUBHAM_HUAWEI_LRN_ENRICH_MAVENIR_IPSM_FMS_DIFF_Summary_2023_02_08-10_12_19_PM.txt
SHUBHAM,HUAWEI_LRN_ENRICH_MAVENIR_IPSM_FMS,ZIP_Detailed,2,0,2,2,PASS,n/a,0.02,08-02-2023 10:12PM,SHUBHAM_HUAWEI_LRN_ENRICH_MAVENIR_IPSM_FMS_ZIP_Detailed_2023_02_08-10_12_56_PM.txt
SHUBHAM,HUAWEI_TAS_DOX_SMS,ZIP_Detailed,20,0,20,208,PASS,n/a,0.02,08-02-2023 10:34PM,SHUBHAM_HUAWEI_TAS_DOX_SMS_ZIP_Detailed_2023_02_08-10_34_01_PM.txt
SHUBHAM,HUAWEI_TAS_DOX_SMS,DIFF_Summary,20,0,20,208,PASS,PASS,0.03,08-02-2023 10:34PM,SHUBHAM_HUAWEI_TAS_DOX_SMS_DIFF_Summary_2023_02_08-10_34_34_PM.txt
SHUBHAM,HUAWEI_TAS_ICB_SMS,DIFF_Summary,11,0,11,27889,PASS,PASS,2.80,08-02-2023 10:35PM,SHUBHAM_HUAWEI_TAS_ICB_SMS_DIFF_Summary_2023_02_08-10_35_14_PM.txt
SHUBHAM,HUAWEI_TAS_ICB_SMS,ZIP_Detailed,11,0,11,27889,PASS,n/a,0.04,08-02-2023 10:35PM,SHUBHAM_HUAWEI_TAS_ICB_SMS_ZIP_Detailed_2023_02_08-10_35_52_PM.txt
MANGESH,TAP_HDBI,DIFF_Summary,38814,0,38814,18294341,PASS,PASS,2755.77,09-02-2023 05:21PM,MANGESH_TAP_HDBI_DIFF_Summary_2023_02_09-04_35_13_PM.txt
SHAKTI,NOKIA_SIEMENS_INAMA_DOX,ZIP_Detailed,8,0,8,610373,PASS,n/a,0.41,09-02-2023 06:58PM,SHAKTI_NOKIA_SIEMENS_INAMA_DOX_ZIP_Detailed_2023_02_09-06_58_29_PM.txt
SHAKTI,NOKIA_SIEMENS_INAMA_DOX,DIFF_Summary,8,0,8,610373,PASS,FAIL,72.27,09-02-2023 07:00PM,SHAKTI_NOKIA_SIEMENS_INAMA_DOX_DIFF_Summary_2023_02_09-06_59_17_PM.txt
SHAKTI,NOKIA_SIEMENS_INAMA_ICB,ZIP_Detailed,8,0,8,609681,PASS,n/a,0.27,09-02-2023 07:01PM,SHAKTI_NOKIA_SIEMENS_INAMA_ICB_ZIP_Detailed_2023_02_09-07_01_59_PM.txt
SHAKTI,NOKIA_SIEMENS_INAMA_ICB,DIFF_Summary,8,0,8,609681,PASS,PASS,51.96,09-02-2023 07:03PM,SHAKTI_NOKIA_SIEMENS_INAMA_ICB_DIFF_Summary_2023_02_09-07_02_36_PM.txt
SHAKTI,NOKIA_SIEMENS_INAMA_INTEC,ZIP_Detailed,8,0,8,609665,PASS,n/a,0.42,09-02-2023 07:05PM,SHAKTI_NOKIA_SIEMENS_INAMA_INTEC_ZIP_Detailed_2023_02_09-07_05_29_PM.txt
SHAKTI,NOKIA_SIEMENS_INAMA_INTEC,DIFF_Summary,8,0,8,609665,PASS,PASS,59.12,09-02-2023 07:07PM,SHAKTI_NOKIA_SIEMENS_INAMA_INTEC_DIFF_Summary_2023_02_09-07_06_51_PM.txt
SHAKTI,NOKIA_SIEMENS_INAMA_ASCII,ZIP_Detailed,8,0,8,1145158,PASS,n/a,0.98,09-02-2023 07:08PM,SHAKTI_NOKIA_SIEMENS_INAMA_ASCII_ZIP_Detailed_2023_02_09-07_08_43_PM.txt
SHAKTI,NOKIA_SIEMENS_INAMA_ASCII,DIFF_Summary,8,0,8,1145158,PASS,PASS,172.98,09-02-2023 07:12PM,SHAKTI_NOKIA_SIEMENS_INAMA_ASCII_DIFF_Summary_2023_02_09-07_09_24_PM.txt
SHAKTI,INTEROUTE_ILD_ICB,ZIP_Detailed,2926,0,2926,2379476,PASS,n/a,3.34,09-02-2023 07:19PM,SHAKTI_INTEROUTE_ILD_ICB_ZIP_Detailed_2023_02_09-07_18_56_PM.txt
SHAKTI,INTEROUTE_ILD_ICB,DIFF_Summary,2926,0,2926,2379476,PASS,PASS,211.13,09-02-2023 07:24PM,SHAKTI_INTEROUTE_ILD_ICB_DIFF_Summary_2023_02_09-07_21_09_PM.txt
SHUBHAM,NOKIA_SIEMENS_NLD_ASCII,ZIP_Detailed,10,0,10,3671667,PASS,n/a,2.33,10-02-2023 01:17PM,SHUBHAM_NOKIA_SIEMENS_NLD_ASCII_ZIP_Detailed_2023_02_10-01_17_26_PM.txt
SHUBHAM,NOKIA_SIEMENS_NLD_ILD_ICB,ZIP_Detailed,7,0,7,216400,PASS,n/a,0.12,10-02-2023 01:18PM,SHUBHAM_NOKIA_SIEMENS_NLD_ILD_ICB_ZIP_Detailed_2023_02_10-01_18_10_PM.txt
SHUBHAM,NOKIA_SIEMENS_NLD_ICB,ZIP_Detailed,10,0,10,1087572,PASS,n/a,0.46,10-02-2023 01:19PM,SHUBHAM_NOKIA_SIEMENS_NLD_ICB_ZIP_Detailed_2023_02_10-01_19_05_PM.txt
SHUBHAM,NOKIA_SIEMENS_NLD_ICT,ZIP_Detailed,10,0,10,1303702,PASS,n/a,0.78,10-02-2023 01:20PM,SHUBHAM_NOKIA_SIEMENS_NLD_ICT_ZIP_Detailed_2023_02_10-01_20_13_PM.txt
SHUBHAM,NOKIA_SIEMENS_NLD_ILD_ICB,DIFF_Summary,7,0,7,216400,PASS,PASS,18.53,10-02-2023 01:27PM,SHUBHAM_NOKIA_SIEMENS_NLD_ILD_ICB_DIFF_Summary_2023_02_10-01_26_54_PM.txt
SHUBHAM,NOKIA_SIEMENS_NLD_ASCII,DIFF_Summary,10,0,10,3671667,PASS,PASS,421.54,10-02-2023 01:29PM,SHUBHAM_NOKIA_SIEMENS_NLD_ASCII_DIFF_Summary_2023_02_10-01_22_19_PM.txt
SHUBHAM,NOKIA_SIEMENS_NLD_ICB,DIFF_Summary,10,0,10,1087572,PASS,PASS,100.82,10-02-2023 01:29PM,SHUBHAM_NOKIA_SIEMENS_NLD_ICB_DIFF_Summary_2023_02_10-01_27_58_PM.txt
SHUBHAM,NOKIA_SIEMENS_NLD_ICT,DIFF_Summary,10,0,10,1303702,PASS,PASS,124.90,10-02-2023 01:31PM,SHUBHAM_NOKIA_SIEMENS_NLD_ICT_DIFF_Summary_2023_02_10-01_29_54_PM.txt
SHUBHAM,NOKIA_SIEMENS_NLD_ILD_ICB,DIFF_Summary,117,0,117,933202,PASS,PASS,254.42,10-02-2023 02:03PM,SHUBHAM_NOKIA_SIEMENS_NLD_ILD_ICB_DIFF_Summary_2023_02_10-01_59_17_PM.txt
SHUBHAM,NOKIA_SIEMENS_NLD_ICB,DIFF_Summary,182,0,182,24976195,PASS,PASS,2047.47,10-02-2023 02:35PM,SHUBHAM_NOKIA_SIEMENS_NLD_ICB_DIFF_Summary_2023_02_10-02_00_58_PM.txt
SHUBHAM,NOKIA_SIEMENS_NLD_ICT,DIFF_Summary,182,0,182,25294394,PASS,PASS,2381.54,10-02-2023 02:42PM,SHUBHAM_NOKIA_SIEMENS_NLD_ICT_DIFF_Summary_2023_02_10-02_02_48_PM.txt
MANGESH,HUAWEI_NGN_ICB_ILD,DIFF_Summary,91,0,91,279,PASS,PASS,0.06,10-02-2023 03:52PM,MANGESH_HUAWEI_NGN_ICB_ILD_DIFF_Summary_2023_02_10-03_52_28_PM.txt
SHUBHAM,NOKIA_SIEMENS_NLD_ASCII,DIFF_Summary,182,0,182,65388849,PASS,PASS,7290.28,10-02-2023 03:56PM,SHUBHAM_NOKIA_SIEMENS_NLD_ASCII_DIFF_Summary_2023_02_10-01_55_07_PM.txt
MANGESH,HUAWEI_NGN_ICB,DIFF_Summary,1732,0,1732,97608324,PASS,PASS,8227.11,10-02-2023 06:10PM,MANGESH_HUAWEI_NGN_ICB_DIFF_Summary_2023_02_10-03_53_41_PM.txt
SHAKTI,INTEROUTE_ILD_ICB,ZIP_Detailed,2926,0,2926,2379476,PASS,n/a,3.45,11-02-2023 08:35PM,SHAKTI_INTEROUTE_ILD_ICB_ZIP_Detailed_2023_02_11-08_35_56_PM.txt
SHAKTI,LRN_ENRICHMENT_ILD,ZIP_Detailed,5,0,5,1581,PASS,n/a,0.02,11-02-2023 08:36PM,SHAKTI_LRN_ENRICHMENT_ILD_ZIP_Detailed_2023_02_11-08_36_40_PM.txt
SHAKTI,LRN_ENRICHMENT_ILD,DIFF_Summary,5,0,5,1581,PASS,FAIL,0.11,11-02-2023 08:37PM,SHAKTI_LRN_ENRICHMENT_ILD_DIFF_Summary_2023_02_11-08_37_10_PM.txt
RAJU,SGSN_INROAM_NEW_DOX,DIFF_Summary,1067,0,1067,585950,PASS,PASS,495.90,13-02-2023 01:45PM,RAJU_SGSN_INROAM_NEW_DOX_DIFF_Summary_2023_02_13-01_37_34_PM.txt
SHUBHAM,NOKIA_SIEMENS_ATCA_ASCII,DIFF_Summary,12,0,12,337360,PASS,PASS,60.65,13-02-2023 05:57PM,SHUBHAM_NOKIA_SIEMENS_ATCA_ASCII_DIFF_Summary_2023_02_13-05_56_19_PM.txt
SHUBHAM,NOKIA_SIEMENS_ATCA_DOX,DIFF_Summary,11,0,11,76,PASS,PASS,0.02,13-02-2023 05:58PM,SHUBHAM_NOKIA_SIEMENS_ATCA_DOX_DIFF_Summary_2023_02_13-05_58_02_PM.txt
SHUBHAM,NOKIA_SIEMENS_ATCA_ICB,DIFF_Summary,12,0,12,100121,PASS,FAIL,9.98,13-02-2023 05:58PM,SHUBHAM_NOKIA_SIEMENS_ATCA_ICB_DIFF_Summary_2023_02_13-05_58_45_PM.txt
SHUBHAM,NOKIA_SIEMENS_ATCA_ICT,DIFF_Summary,12,0,12,100097,PASS,PASS,13.29,13-02-2023 05:59PM,SHUBHAM_NOKIA_SIEMENS_ATCA_ICT_DIFF_Summary_2023_02_13-05_59_44_PM.txt
SHUBHAM,NOKIA_SIEMENS_ATCA_ASCII,ZIP_Detailed,12,0,12,337360,PASS,n/a,0.52,13-02-2023 06:00PM,SHUBHAM_NOKIA_SIEMENS_ATCA_ASCII_ZIP_Detailed_2023_02_13-06_00_57_PM.txt
SHUBHAM,NOKIA_SIEMENS_ATCA_DOX,ZIP_Detailed,11,0,11,76,PASS,n/a,0.02,13-02-2023 06:01PM,SHUBHAM_NOKIA_SIEMENS_ATCA_DOX_ZIP_Detailed_2023_02_13-06_01_46_PM.txt
SHUBHAM,NOKIA_SIEMENS_ATCA_ICB,ZIP_Detailed,12,0,12,100121,PASS,n/a,0.08,13-02-2023 06:03PM,SHUBHAM_NOKIA_SIEMENS_ATCA_ICB_ZIP_Detailed_2023_02_13-06_03_05_PM.txt
SHUBHAM,NOKIA_SIEMENS_ATCA_ICT,ZIP_Detailed,12,0,12,100097,PASS,n/a,0.08,13-02-2023 06:04PM,SHUBHAM_NOKIA_SIEMENS_ATCA_ICT_ZIP_Detailed_2023_02_13-06_04_06_PM.txt
SHUBHAM,NOKIA_SIEMENS_ATCA_DOX,DIFF_Summary,233,0,233,8548,PASS,PASS,1.32,13-02-2023 06:19PM,SHUBHAM_NOKIA_SIEMENS_ATCA_DOX_DIFF_Summary_2023_02_13-06_19_54_PM.txt
SHUBHAM,NOKIA_SIEMENS_ATCA_ICB,DIFF_Summary,233,0,233,3052844,PASS,FAIL,297.08,13-02-2023 06:25PM,SHUBHAM_NOKIA_SIEMENS_ATCA_ICB_DIFF_Summary_2023_02_13-06_20_28_PM.txt
SHUBHAM,NOKIA_SIEMENS_ATCA_ICT,DIFF_Summary,232,0,232,3050097,PASS,PASS,290.15,13-02-2023 06:27PM,SHUBHAM_NOKIA_SIEMENS_ATCA_ICT_DIFF_Summary_2023_02_13-06_22_15_PM.txt
SHUBHAM,NOKIA_SIEMENS_ATCA_ASCII,DIFF_Summary,232,0,232,10352738,PASS,PASS,1869.05,13-02-2023 06:48PM,SHUBHAM_NOKIA_SIEMENS_ATCA_ASCII_DIFF_Summary_2023_02_13-06_17_14_PM.txt
SHAKTI,LRN_ENRICHMENT_ILD,DIFF_Summary,2922,0,2922,2376443,PASS,FAIL,229.59,14-02-2023 08:45PM,SHAKTI_LRN_ENRICHMENT_ILD_DIFF_Summary_2023_02_14-08_41_41_PM.txt
RAJU,GGSN_POSTPAID_NEW2_1_MERGER,ZIP_Detailed,10,0,10,19682,PASS,n/a,0.04,15-02-2023 03:02PM,RAJU_GGSN_POSTPAID_NEW2_1_MERGER_ZIP_Detailed_2023_02_15-03_02_38_PM.txt
RAJU,GGSN_POSTPAID_NEW2_1_MERGER,DIFF_Summary,10,0,10,19682,PASS,PASS,3.00,15-02-2023 03:03PM,RAJU_GGSN_POSTPAID_NEW2_1_MERGER_DIFF_Summary_2023_02_15-03_03_17_PM.txt
SHUBHAM,HUAWEI_LRN_ENRICH_HUW_NGN_ICB,DIFF_Summary,10,0,10,355815,PASS,PASS,30.09,15-02-2023 08:28PM,SHUBHAM_HUAWEI_LRN_ENRICH_HUW_NGN_ICB_DIFF_Summary_2023_02_15-08_28_03_PM.txt
SHUBHAM,HUAWEI_LRN_ENRICH_HUW_NGN_ICB,ZIP_Detailed,10,0,10,355815,PASS,n/a,0.18,15-02-2023 08:30PM,SHUBHAM_HUAWEI_LRN_ENRICH_HUW_NGN_ICB_ZIP_Detailed_2023_02_15-08_30_01_PM.txt
SHUBHAM,HUAWEI_LRN_ENRICH_HUW_NGN_ICB,DIFF_Summary,1732,0,1732,97608324,PASS,PASS,8914.03,15-02-2023 11:05PM,SHUBHAM_HUAWEI_LRN_ENRICH_HUW_NGN_ICB_DIFF_Summary_2023_02_15-08_36_28_PM.txt
SHUBHAM,HUAWEI_LRN_ENRICH_HUW_NGN_ICB,DIFF_Summary,10,0,10,362880,PASS,PASS,36.50,16-02-2023 01:30PM,SHUBHAM_HUAWEI_LRN_ENRICH_HUW_NGN_ICB_DIFF_Summary_2023_02_16-01_30_16_PM.txt
SHUBHAM,HUAWEI_LRN_ENRICH_HUW_NGN_ICB,ZIP_Detailed,10,0,10,362880,PASS,n/a,0.16,16-02-2023 01:32PM,SHUBHAM_HUAWEI_LRN_ENRICH_HUW_NGN_ICB_ZIP_Detailed_2023_02_16-01_32_23_PM.txt
MANGESH,GGSN_POSTPAID_NEW2_1_FMS,DIFF_Summary,10,1,11,12830,FAIL,PASS,1.96,17-02-2023 01:50PM,MANGESH_GGSN_POSTPAID_NEW2_1_FMS_DIFF_Summary_2023_02_17-01_50_24_PM.txt
MANGESH,GGSN_POSTPAID_NEW2_1_FMS,ZIP_Detailed,10,1,11,12830,FAIL,n/a,0.03,17-02-2023 01:51PM,MANGESH_GGSN_POSTPAID_NEW2_1_FMS_ZIP_Detailed_2023_02_17-01_51_50_PM.txt
MANGESH,GGSN_POSTPAID_NEW2_1_FMS,ZIP_Detailed,10,0,10,12830,PASS,n/a,0.03,17-02-2023 01:53PM,MANGESH_GGSN_POSTPAID_NEW2_1_FMS_ZIP_Detailed_2023_02_17-01_53_08_PM.txt
MANGESH,GGSN_POSTPAID_NEW2_1_FMS,DIFF_Summary,10,0,10,12830,PASS,PASS,1.96,17-02-2023 01:54PM,MANGESH_GGSN_POSTPAID_NEW2_1_FMS_DIFF_Summary_2023_02_17-01_54_19_PM.txt
RAJU,GGSN_POSTPAID_NEW2_1_MERGER,DIFF_Summary,36903,0,36903,119830538,PASS,PASS,17515.14,17-02-2023 01:59PM,RAJU_GGSN_POSTPAID_NEW2_1_MERGER_DIFF_Summary_2023_02_17-09_07_08_AM.txt
MANGESH,GGSN_POSTPAID_NEW2_1_FMS,DIFF_Summary,21287,0,21287,51027946,PASS,PASS,7300.52,17-02-2023 05:29PM,MANGESH_GGSN_POSTPAID_NEW2_1_FMS_DIFF_Summary_2023_02_17-03_27_33_PM.txt
SHAKTI,SIP_DOX,DIFF_Summary,16,0,16,19613798,PASS,FAIL,2617.50,21-02-2023 02:00PM,SHAKTI_SIP_DOX_DIFF_Summary_2023_02_21-01_16_35_PM.txt
SHAKTI,SIP_FMS,DIFF_Summary,17,0,17,21238945,PASS,FAIL,3571.11,21-02-2023 03:03PM,SHAKTI_SIP_FMS_DIFF_Summary_2023_02_21-02_04_13_PM.txt
SHAKTI,SIP_SEC,DIFF_Summary,17,0,17,21373499,PASS,PASS,3628.04,21-02-2023 04:05PM,SHAKTI_SIP_SEC_DIFF_Summary_2023_02_21-03_05_24_PM.txt
SHAKTI,SIP_HDBI,DIFF_Summary,17,0,17,83673811,PASS,FAIL,18333.72,22-02-2023 01:58AM,SHAKTI_SIP_HDBI_DIFF_Summary_2023_02_21-08_52_51_PM.txt
SHAKTI,SIP_ICB,DIFF_Summary,34663,0,34663,17379678,PASS,PASS,1511.45,22-02-2023 08:43AM,SHAKTI_SIP_ICB_DIFF_Summary_2023_02_22-08_18_36_AM.txt
SHAKTI,SIP_HDBI,DIFF_Summary,17,0,17,83673811,PASS,FAIL,13491.76,22-02-2023 05:00PM,SHAKTI_SIP_HDBI_DIFF_Summary_2023_02_22-01_15_38_PM.txt
SHAKTI,SIP_HDBI,ZIP_Detailed,24,0,24,10747,PASS,n/a,0.03,22-02-2023 08:53PM,SHAKTI_SIP_HDBI_ZIP_Detailed_2023_02_22-08_53_48_PM.txt
SHAKTI,SIP_HDBI,DIFF_Summary,24,0,24,10747,PASS,FAIL,1.12,22-02-2023 08:54PM,SHAKTI_SIP_HDBI_DIFF_Summary_2023_02_22-08_54_45_PM.txt
SHAKTI,SIP_HDBI,DIFF_Summary,24,0,24,10771,PASS,FAIL,1.25,22-02-2023 08:57PM,SHAKTI_SIP_HDBI_DIFF_Summary_2023_02_22-08_57_29_PM.txt
SHAKTI,SIP_DOX,ZIP_Detailed,10,0,10,1019,PASS,n/a,0.02,22-02-2023 09:10PM,SHAKTI_SIP_DOX_ZIP_Detailed_2023_02_22-09_10_15_PM.txt
SHAKTI,SIP_DOX,DIFF_Summary,10,0,10,1019,PASS,PASS,0.11,22-02-2023 09:10PM,SHAKTI_SIP_DOX_DIFF_Summary_2023_02_22-09_10_53_PM.txt
SHAKTI,SIP_FMS,ZIP_Detailed,11,0,11,1485,PASS,n/a,0.02,22-02-2023 09:25PM,SHAKTI_SIP_FMS_ZIP_Detailed_2023_02_22-09_25_18_PM.txt
SHAKTI,SIP_FMS,DIFF_Summary,11,0,11,1485,PASS,PASS,0.18,22-02-2023 09:26PM,SHAKTI_SIP_FMS_DIFF_Summary_2023_02_22-09_26_03_PM.txt
SHAKTI,SIP_SEC,ZIP_Detailed,11,0,11,1486,PASS,n/a,0.02,22-02-2023 09:41PM,SHAKTI_SIP_SEC_ZIP_Detailed_2023_02_22-09_41_35_PM.txt
SHAKTI,SIP_SEC,DIFF_Summary,11,0,11,1486,PASS,PASS,0.14,22-02-2023 09:42PM,SHAKTI_SIP_SEC_DIFF_Summary_2023_02_22-09_42_22_PM.txt
SHAKTI,Nokia_TAS_Legal,DIFF_Summary,10,0,10,23077,PASS,PASS,3.10,24-02-2023 11:06AM,SHAKTI_Nokia_TAS_Legal_DIFF_Summary_2023_02_24-11_06_36_AM.txt
SHAKTI,Nokia_TAS_FMS,DIFF_Summary,10,0,10,1587,PASS,PASS,0.17,24-02-2023 11:07AM,SHAKTI_Nokia_TAS_FMS_DIFF_Summary_2023_02_24-11_07_11_AM.txt
SHAKTI,Nokia_TAS_ICB,DIFF_Summary,10,0,10,7318,PASS,PASS,0.71,24-02-2023 11:07AM,SHAKTI_Nokia_TAS_ICB_DIFF_Summary_2023_02_24-11_07_53_AM.txt
SHAKTI,INTEROUTE_ILD_ICB,DIFF_Summary,5,0,5,1581,PASS,FAIL,0.15,24-02-2023 11:19AM,SHAKTI_INTEROUTE_ILD_ICB_DIFF_Summary_2023_02_24-11_19_42_AM.txt
SHAKTI,INTEROUTE_ILD_ICB,DIFF_Summary,5,0,5,1581,PASS,FAIL,0.12,24-02-2023 11:22AM,SHAKTI_INTEROUTE_ILD_ICB_DIFF_Summary_2023_02_24-11_22_23_AM.txt
SHAKTI,Nokia_TAS_Legal,ZIP_Detailed,10,0,10,23077,PASS,n/a,0.07,24-02-2023 12:22PM,SHAKTI_Nokia_TAS_Legal_ZIP_Detailed_2023_02_24-12_22_28_PM.txt
SHAKTI,Nokia_TAS_Legal,DIFF_Summary,10,0,10,23077,PASS,PASS,2.54,24-02-2023 12:26PM,SHAKTI_Nokia_TAS_Legal_DIFF_Summary_2023_02_24-12_26_17_PM.txt
SHAKTI,INTEROUTE_ILD_ICB,ZIP_Detailed,5,0,5,1581,PASS,n/a,0.02,24-02-2023 12:27PM,SHAKTI_INTEROUTE_ILD_ICB_ZIP_Detailed_2023_02_24-12_27_34_PM.txt
SHAKTI,INTEROUTE_ILD_ICB,DIFF_Summary,5,0,5,1581,PASS,FAIL,0.14,24-02-2023 12:28PM,SHAKTI_INTEROUTE_ILD_ICB_DIFF_Summary_2023_02_24-12_28_20_PM.txt
SHAKTI,SIP_FMS,ZIP_Detailed,17,0,17,21238945,PASS,n/a,18.22,25-02-2023 08:24PM,SHAKTI_SIP_FMS_ZIP_Detailed_2023_02_25-08_23_57_PM.txt
SHAKTI,SIP_DOX,ZIP_Detailed,10,0,10,1019,PASS,n/a,0.03,25-02-2023 08:29PM,SHAKTI_SIP_DOX_ZIP_Detailed_2023_02_25-08_29_24_PM.txt
SHAKTI,SIP_DOX,DIFF_Summary,10,0,10,1019,PASS,PASS,0.13,25-02-2023 08:29PM,SHAKTI_SIP_DOX_DIFF_Summary_2023_02_25-08_29_54_PM.txt
SHAKTI,SIP_FMS,ZIP_Detailed,11,0,11,1485,PASS,n/a,0.03,25-02-2023 08:30PM,SHAKTI_SIP_FMS_ZIP_Detailed_2023_02_25-08_30_56_PM.txt
SHAKTI,SIP_FMS,DIFF_Summary,11,0,11,1485,PASS,PASS,0.15,25-02-2023 08:31PM,SHAKTI_SIP_FMS_DIFF_Summary_2023_02_25-08_31_30_PM.txt
SHAKTI,SIP_HDBI,ZIP_Detailed,24,1,25,10747,FAIL,n/a,0.07,25-02-2023 08:34PM,SHAKTI_SIP_HDBI_ZIP_Detailed_2023_02_25-08_34_56_PM.txt
SHAKTI,SIP_HDBI,ZIP_Detailed,24,0,24,10747,PASS,n/a,0.03,25-02-2023 08:38PM,SHAKTI_SIP_HDBI_ZIP_Detailed_2023_02_25-08_38_55_PM.txt
SHAKTI,SIP_HDBI,DIFF_Summary,24,0,24,10747,PASS,FAIL,1.17,25-02-2023 08:39PM,SHAKTI_SIP_HDBI_DIFF_Summary_2023_02_25-08_39_30_PM.txt
SHAKTI,SIP_ICB,ZIP_Detailed,10,0,10,724,PASS,n/a,0.03,25-02-2023 08:40PM,SHAKTI_SIP_ICB_ZIP_Detailed_2023_02_25-08_40_34_PM.txt
SHAKTI,SIP_ICB,DIFF_Summary,10,0,10,724,PASS,PASS,0.07,25-02-2023 08:41PM,SHAKTI_SIP_ICB_DIFF_Summary_2023_02_25-08_41_15_PM.txt
SHAKTI,SIP_SEC,ZIP_Detailed,11,0,11,1486,PASS,n/a,0.03,25-02-2023 08:42PM,SHAKTI_SIP_SEC_ZIP_Detailed_2023_02_25-08_42_12_PM.txt
SHAKTI,SIP_SEC,DIFF_Summary,11,0,11,1486,PASS,PASS,0.15,25-02-2023 08:42PM,SHAKTI_SIP_SEC_DIFF_Summary_2023_02_25-08_42_46_PM.txt
SHAKTI,SIP_MIS,ZIP_Detailed,2,0,2,9214,PASS,n/a,0.04,25-02-2023 08:44PM,SHAKTI_SIP_MIS_ZIP_Detailed_2023_02_25-08_44_04_PM.txt
SHAKTI,SIP_MIS,DIFF_Summary,2,0,2,9214,PASS,PASS,1.16,25-02-2023 08:44PM,SHAKTI_SIP_MIS_DIFF_Summary_2023_02_25-08_44_35_PM.txt
SHAKTI,SIP_ASCII,ZIP_Detailed,2,0,2,1485,PASS,n/a,0.04,25-02-2023 08:51PM,SHAKTI_SIP_ASCII_ZIP_Detailed_2023_02_25-08_51_43_PM.txt
