BRANCH,APPLICATION,USER,COMMIT_COUNT,COMMIT_DATE
master,rent,hz296742,6,04-03-2024 16:25
master,rent,Tim Molnar,2,04-03-2024 16:25
master,rent,Shantilata,9,04-03-2024 16:25
master,rent,JP,2,04-03-2024 16:25
master,rent,NH115641,7,04-03-2024 16:25
master,rent,Scarbrough,1,04-03-2024 16:25
master,rent,Hari,3,04-03-2024 16:25
master,common,Shantilata,1,04-01-2024 17:37
master,common,NH114900,3,04-01-2024 17:37
master,common,Sourav Roy,2,04-01-2024 17:37
master,common,Sabana Khatun,1,04-01-2024 17:37
master,common,Hari,16,04-01-2024 17:37
master,common,Tim Molnar,3,04-01-2024 17:37
master,common,Vinita Kumari Mandal,3,04-01-2024 17:37
master,common,NH115641,1,04-01-2024 17:37
master,common-cdp,NH115641,7,25-09-2019 14:00
master,common-cdp,Kumarikeerti B Hulagola,1,25-09-2019 14:00
master,common-cdp,Asap Admin,1,25-09-2019 14:00
master,common-cdp,Blake Dunn,11,25-09-2019 14:00
master,common-cdp,asapadmin,6,25-09-2019 14:00
master,common-cdp, Michael Adigun,1,25-09-2019 14:00
master,common-cdp,Tim Molnar,3,25-09-2019 14:00
master,common-change-tracking,Tim Molnar,2,31-07-2017 13:03
master,common-change-tracking,NH115641,5,31-07-2017 13:03
master,common-change-tracking,Asap Admin,1,31-07-2017 13:03
master,common-change-tracking,Blake Dunn,11,31-07-2017 13:03
master,common-change-tracking,asapadmin,10,31-07-2017 13:03
master,common-change-tracking,DTC4546,1,31-07-2017 13:03
master,common-currency-payment,Singh Jayram (NH),1,04-04-2016 20:32
master,common-currency-payment,Tim Molnar,1,04-04-2016 20:32
master,common-currency-payment,HZ455895,4,04-04-2016 20:32
master,common-currency-payment,Syed Ansar U,2,04-04-2016 20:32
master,common-currency-payment,NH115641,3,04-04-2016 20:32
master,common-currency-payment,Asap Admin,1,04-04-2016 20:32
master,common-currency-payment,Blake Dunn,1,04-04-2016 20:32
master,common-currency-payment,Rodrigo Martinez,2,04-04-2016 20:32
master,common-currency-payment,asapadmin,15,04-04-2016 20:32
master,common-directory,James Maney,1,31-07-2023 22:16
master,common-directory,NH115641,17,31-07-2023 22:16
master,common-directory,NH114900,1,31-07-2023 22:16
master,common-directory,Tim Molnar,4,31-07-2023 22:16
master,common-directory,Scarbrough,1,31-07-2023 22:16
master,common-directory,Vihitha Karnatakam,1,31-07-2023 22:16
master,common-directory,Sourav Roy,1,31-07-2023 22:16
master,common-directory,Soniya Rani,4,31-07-2023 22:16
master,common-res,Tim Molnar,3,04-05-2023 20:37
master,common-res,NH115641,9,04-05-2023 20:37
master,common-res,Shantilata,2,04-05-2023 20:37
master,common-res,Aswani,3,04-05-2023 20:37
master,common-res,Dasapathri Anusha,4,04-05-2023 20:37
master,common-res,Vihitha Karnatakam,2,04-05-2023 20:37
master,common-res,Asap Admin,1,04-05-2023 20:37
master,common-res,Blake Dunn,6,04-05-2023 20:37
master,core,Tim Molnar,1,08-05-2023 19:28
master,core,Hari,3,08-05-2023 19:28
master,core,NH115641,12,08-05-2023 19:28
master,core,Vinita Kumari Mandal,1,08-05-2023 19:28
master,core,Asap Admin,1,08-05-2023 19:28
master,core,NH111663,2,08-05-2023 19:28
master,core,vinita,2,08-05-2023 19:28
master,core,Blake Dunn,8,08-05-2023 19:28
master,core-security,Tim Molnar,11,13-04-2017 22:43
master,core-security,NH115641,4,13-04-2017 22:43
master,core-security,Asap Admin,1,13-04-2017 22:43
master,core-security,Blake Dunn,4,13-04-2017 22:43
master,core-security,asapadmin,8,13-04-2017 22:43
master,core-security,DTC2922,1,13-04-2017 22:43
master,core-security,dtc4544,1,13-04-2017 22:43
master,core-web-services,NH115641,7,01-02-2018 20:17
master,core-web-services,Asap Admin,1,01-02-2018 20:17
master,core-web-services,Blake Dunn,12,01-02-2018 20:17
master,core-web-services,asapadmin,9,01-02-2018 20:17
master,core-web-services,Rodrigo Martinez,1,01-02-2018 20:17
master,credit-authorization,NH115641,9,05-03-2023 16:35
master,credit-authorization,Asap Admin,1,05-03-2023 16:35
master,credit-authorization,Tim Molnar,3,05-03-2023 16:35
master,credit-authorization,Blake Dunn,14,05-03-2023 16:35
master,credit-authorization,James Maney,1,05-03-2023 16:35
master,credit-authorization,asapadmin,1,05-03-2023 16:35
master,credit-authorization,Rodrigo Martinez,1,05-03-2023 16:35
master,customer-relations-management,Anusha,1,08-05-2023 19:28
master,customer-relations-management,NH115641,13,08-05-2023 19:28
master,customer-relations-management,NH119739,1,08-05-2023 19:28
master,customer-relations-management,Aswani Kummetha,1,08-05-2023 19:28
master,customer-relations-management,Kumarikeerti B Hulagola,3,08-05-2023 19:28
master,customer-relations-management,Asap Admin,1,08-05-2023 19:28
master,customer-relations-management,James Maney,2,08-05-2023 19:28
master,customer-relations-management,Reshma,4,08-05-2023 19:28
master,customer-relations-management,Annapurna,2,08-05-2023 19:28
master,customer-relations-management,NH114900,1,08-05-2023 19:28
master,customer-relations-management,Blake Dunn,1,08-05-2023 19:28
master,dataloader-common,NH115641,6,11-10-2022 22:00
master,dataloader-common,Tim Molnar,2,11-10-2022 22:00
master,dataloader-common,Asap Admin,1,11-10-2022 22:00
master,dataloader-common,Blake Dunn,18,11-10-2022 22:00
master,dataloader-common,asapadmin,3,11-10-2022 22:00
master,ecomm-notification-services,NH115641,5,03-08-2022 14:59
master,ecomm-notification-services,Kumarikeerti B Hulagola,3,03-08-2022 14:59
master,ecomm-notification-services,Asap Admin,1,03-08-2022 14:59
master,ecomm-notification-services,NH112172,1,03-08-2022 14:59
master,ecomm-notification-services,Blake Dunn,12,03-08-2022 14:59
master,ecomm-notification-services,NH114900,1,03-08-2022 14:59
master,ecomm-notification-services,asapadmin,4,03-08-2022 14:59
master,ecomm-notification-services, Michael Adigun,2,03-08-2022 14:59
master,ecomm-notification-services,dtp0552,1,03-08-2022 14:59
master,ecomm-notification-services-domain,NH115641,4,10-03-2022 16:38
master,ecomm-notification-services-domain,Kumarikeerti B Hulagola,4,10-03-2022 16:38
master,ecomm-notification-services-domain,Asap Admin,1,10-03-2022 16:38
master,ecomm-notification-services-domain,Blake Dunn,4,10-03-2022 16:38
master,ecomm-notification-services-domain, Michael Adigun,1,10-03-2022 16:38
master,ecomm-notification-services-domain,Rodrigo Martinez,1,10-03-2022 16:38
master,ecomm-notification-services-domain,Tim Molnar,7,10-03-2022 16:38
master,ecomm-notification-services-domain,dtp0552,7,10-03-2022 16:38
master,ecomm-notification-services-domain,NH106538,1,10-03-2022 16:38
master,eileo-rest-services,Shantilata,2,28-07-2023 07:01
master,eileo-rest-services,NH114900,1,28-07-2023 07:01
master,eileo-rest-services,Tim Molnar,15,28-07-2023 07:01
master,eileo-rest-services,Hari,3,28-07-2023 07:01
master,eileo-rest-services,NH115641,5,28-07-2023 07:01
master,eileo-rest-services,Ayuthu Sudheer,1,28-07-2023 07:01
master,eileo-rest-services,Dasapathri Anusha,1,28-07-2023 07:01
master,eileo-rest-services,Kumarikeerti B Hulagola,1,28-07-2023 07:01
master,eileo-rest-services,Asap Admin,1,28-07-2023 07:01
master,hibernate-utils,NH115641,3,09-05-2017 17:08
master,hibernate-utils,Asap Admin,3,09-05-2017 17:08
master,hibernate-utils,Blake Dunn,11,09-05-2017 17:08
master,hibernate-utils,asapadmin,8,09-05-2017 17:08
master,hibernate-utils,Rodrigo Martinez,1,09-05-2017 17:08
master,hibernate-utils,Manoj Panda,2,09-05-2017 17:08
master,hibernate-utils,MANOJPANDA,2,09-05-2017 17:08
master,mqsupport,Cecilia,2,03-03-2023 19:02
master,mqsupport,NH115641,5,03-03-2023 19:02
master,mqsupport,Asap Admin,1,03-03-2023 19:02
master,mqsupport,Blake Dunn,19,03-03-2023 19:02
master,mqsupport,asapadmin,2,03-03-2023 19:02
master,mqsupport, Michael Adigun,1,03-03-2023 19:02
master,navigation-bar-shared,NH115641,11,15-07-2022 00:37
master,navigation-bar-shared,Annapurna,1,15-07-2022 00:37
master,navigation-bar-shared,Tim Molnar,2,15-07-2022 00:37
master,navigation-bar-shared,Asap Admin,1,15-07-2022 00:37
master,navigation-bar-shared,Blake Dunn,10,15-07-2022 00:37
master,navigation-bar-shared,asapadmin,5,15-07-2022 00:37
master,num-one,Tim Molnar,1,22-03-2023 20:32
master,num-one,Reshma,2,22-03-2023 20:32
master,num-one,NH115641,6,22-03-2023 20:32
master,num-one,Asap Admin,1,22-03-2023 20:32
master,num-one,Blake Dunn,14,22-03-2023 20:32
master,num-one,James Maney,5,22-03-2023 20:32
master,num-one,asapadmin,1,22-03-2023 20:32
master,promo-coupon,NH115641,6,13-02-2019 20:41
master,promo-coupon,Hulagola Kumarikeerti  (NH),1,13-02-2019 20:41
master,promo-coupon,Asap Admin,1,13-02-2019 20:41
master,promo-coupon,Blake Dunn,10,13-02-2019 20:41
master,promo-coupon,asapadmin,12,13-02-2019 20:41
master,rats-parent,hz296742,8,14-09-2023 13:37
master,rats-parent,NH115641,11,14-09-2023 13:37
master,rats-parent,Tim Molnar,4,14-09-2023 13:37
master,rats-parent,Ayuthu Sudheer  (NH),1,14-09-2023 13:37
master,rats-parent,JP,6,14-09-2023 13:37
master,refdata,Kumarikeerti B Hulagola,1,13-03-2023 07:55
master,refdata,Simha Nandeesh  (NH),11,13-03-2023 07:55
master,refdata,Anusha,4,13-03-2023 07:55
master,refdata,Shantilata,1,13-03-2023 07:55
master,refdata,Aswani,1,13-03-2023 07:55
master,refdata,Annapurna,1,13-03-2023 07:55
master,refdata,NH115641,1,13-03-2023 07:55
master,refdata,Nandeesh Simha,1,13-03-2023 07:55
master,refdata,GMX\6G7941897,3,13-03-2023 07:55
master,refdata,Metta Sharmila,1,13-03-2023 07:55
master,refdata,Hari,1,13-03-2023 07:55
master,refdata,Tim Molnar,4,13-03-2023 07:55
master,security,Tim Molnar,10,28-07-2023 08:51
master,security,NH115641,10,28-07-2023 08:51
master,security,Kaushal Shukla,1,28-07-2023 08:51
master,security,Shukla Kaushal,1,28-07-2023 08:51
master,security,Michael Adigun,2,28-07-2023 08:51
master,security,Kumarikeerti B Hulagola,6,28-07-2023 08:51
master,signature-capture-component,NH115641,5,21-05-2019 21:24
master,signature-capture-component,Annapurna Chitturi  (NH),1,21-05-2019 21:24
master,signature-capture-component,Asap Admin,1,21-05-2019 21:24
master,signature-capture-component,Blake Dunn,8,21-05-2019 21:24
master,signature-capture-component,asapadmin,15,21-05-2019 21:24
master,spring-ioc-container,NH115641,5,08-02-2016 13:45
master,spring-ioc-container,Asap Admin,1,08-02-2016 13:45
master,spring-ioc-container,Blake Dunn,6,08-02-2016 13:45
master,spring-ioc-container,Rodrigo Martinez,1,08-02-2016 13:45
master,spring-ioc-container,asapadmin,17,08-02-2016 13:45
master,tours,NH115641,5,19-09-2019 23:30
master,tours,Asap Admin,1,19-09-2019 23:30
master,tours,Blake Dunn,12,19-09-2019 23:30
master,tours,asapadmin,7,19-09-2019 23:30
master,tours,NH108093,1,19-09-2019 23:30
master,tours,Rodrigo Martinez,1,19-09-2019 23:30
master,tours,Tim Molnar,3,19-09-2019 23:30
master,user-settings,NH115641,6,04-04-2016 20:32
master,user-settings,Asap Admin,1,04-04-2016 20:32
master,user-settings,Blake Dunn,4,04-04-2016 20:32
master,user-settings,asapadmin,17,04-04-2016 20:32
master,user-settings,DTC4546,1,04-04-2016 20:32
master,user-settings,Stephanie Wade,1,04-04-2016 20:32
master,webbase,Metta Sharmila,2,12-06-2023 06:45
master,webbase,NH115641,10,12-06-2023 06:45
master,webbase,Shukla Kaushal,1,12-06-2023 06:45
master,webbase,Soniya Rani,1,12-06-2023 06:45
master,webbase,Ayuthu Sudheer,1,12-06-2023 06:45
master,webbase,Vinita Kumari Mandal,1,12-06-2023 06:45
master,webbase,N Harikrishna  (NH),1,12-06-2023 06:45
master,webbase,Annapurna Chitturi  (NH),2,12-06-2023 06:45
master,webbase,Asap Admin,1,12-06-2023 06:45
master,webbase,Hari,4,12-06-2023 06:45
master,webbase,Tim Molnar,2,12-06-2023 06:45
master,webbase,vinita,2,12-06-2023 06:45
master,webbase,Lisa Scarbrough,1,12-06-2023 06:45
master,webbase,NH111663,1,12-06-2023 06:45
master,web-service-clients,NH115641,4,17-11-2015 14:17
master,web-service-clients,Asap Admin,8,17-11-2015 14:17
master,web-service-clients,Blake Dunn,4,17-11-2015 14:17
master,web-service-clients,Tim Molnar,9,17-11-2015 14:17
master,web-service-clients,NH106717,1,17-11-2015 14:17
master,web-service-clients,Manoj Panda,4,17-11-2015 14:17
master,web-service-logging,NH115641,4,26-10-2015 11:46
master,web-service-logging,Asap Admin,7,26-10-2015 11:46
master,web-service-logging,Blake Dunn,6,26-10-2015 11:46
master,web-service-logging,Rodrigo Martinez,1,26-10-2015 11:46
master,web-service-logging,asapadmin,11,26-10-2015 11:46
master,web-service-logging,Brent W. Wilkins,1,26-10-2015 11:46
master,xtools,NH115641,14,03-05-2023 15:49
master,xtools,Tim Molnar,2,03-05-2023 15:49
master,xtools,Hulagola Kumarikeerti  (NH),3,03-05-2023 15:49
master,xtools,Asap Admin,1,03-05-2023 15:49
master,xtools,Blake Dunn,10,03-05-2023 15:49
master,xtools-webservice-clients,NH115641,2,15-03-2017 16:24
master,xtools-webservice-clients,Asap Admin,1,15-03-2017 16:24
master,xtools-webservice-clients,Blake Dunn,1,15-03-2017 16:24
master,xtools-webservice-clients,Tim Molnar,26,15-03-2017 16:24
master,msr-applet,Asap Admin,8,30-08-2019 20:44
master,msr-applet,Blake Dunn,4,30-08-2019 20:44
master,msr-applet,asapadmin,4,30-08-2019 20:44
master,msr-applet,6G7941897,1,30-08-2019 20:44
master,msr-applet,dtc3725,1,30-08-2019 20:44
master,msr-applet,Tim Molnar,11,30-08-2019 20:44
master,msr-applet,Manoj Panda,1,30-08-2019 20:44
master,telemetry-rest-services,NH115641,4,20-12-2017 11:00
master,telemetry-rest-services,Asap Admin,1,20-12-2017 11:00
master,telemetry-rest-services,Blake Dunn,5,20-12-2017 11:00
master,telemetry-rest-services,dtp0408,4,20-12-2017 11:00
master,telemetry-rest-services,Manoj Panda,16,20-12-2017 11:00
master,add-auth-operator,hz296742,11,03-08-2023 21:53
master,add-auth-operator,NH115641,14,03-08-2023 21:53
master,add-auth-operator,Nikhil,1,03-08-2023 21:53
master,add-auth-operator,Sourav Roy,1,03-08-2023 21:53
master,add-auth-operator,JP,1,03-08-2023 21:53
master,add-auth-operator,Hari,1,03-08-2023 21:53
master,add-auth-operator,Tim Molnar,1,03-08-2023 21:53
master,admin-control,NH115641,15,03-08-2023 23:11
master,admin-control,Tim Molnar,4,03-08-2023 23:11
master,admin-control,Vihitha Karnatakam,1,03-08-2023 23:11
master,admin-control,N Harikrishna  (NH),2,03-08-2023 23:11
master,admin-control,Hari,4,03-08-2023 23:11
master,admin-control,Nikhil,3,03-08-2023 23:11
master,admin-control,Sabana Khatun,1,03-08-2023 23:11
master,asap-common-release,NH115641,30,10-08-2023 18:57
master,asap-credit-authorization,JP,9,30-01-2024 12:55
master,asap-credit-authorization,NH115641,1,30-01-2024 12:55
master,asap-credit-authorization,hz296742,13,30-01-2024 12:55
master,asap-credit-authorization,Tim Molnar,7,30-01-2024 12:55
master,asap-dataloader,NH115641,19,03-05-2023 16:19
master,asap-dataloader,Tim Molnar,1,03-05-2023 16:19
master,asap-dataloader,Asap Admin,1,03-05-2023 16:19
master,asap-dataloader,Blake Dunn,9,03-05-2023 16:19
master,asap-navigation-bar,NH115641,6,19-10-2015 19:55
master,asap-navigation-bar,Asap Admin,1,19-10-2015 19:55
master,asap-navigation-bar,Blake Dunn,2,19-10-2015 19:55
master,asap-navigation-bar,asapadmin,15,19-10-2015 19:55
master,asap-navigation-bar,Manoj Panda,4,19-10-2015 19:55
master,asap-navigation-bar,Shelley Barnes,1,19-10-2015 19:55
master,asap-navigation-bar,Francine Konen,1,19-10-2015 19:55
master,asap-rates,Scarbrough,1,08-08-2023 16:40
master,asap-rates,Sourav Roy,3,08-08-2023 16:40
master,asap-rates,NH115641,9,08-08-2023 16:40
master,asap-rates,Soniya Rani,11,08-08-2023 16:40
master,asap-rates,Shantilata,1,08-08-2023 16:40
master,asap-rates,Tim Molnar,2,08-08-2023 16:40
master,asap-rates,Mahesh Patil,1,08-08-2023 16:40
master,asap-rates,Vinita Kumari Mandal,1,08-08-2023 16:40
master,asap-rates,Hari,1,08-08-2023 16:40
master,asap-release,NH115641,2,05-05-2021 20:39
master,asap-release,Asap Admin,15,05-05-2021 20:39
master,asap-release,Blake Dunn,4,05-05-2021 20:39
master,asap-release,NH111663,1,05-05-2021 20:39
master,asap-release,asapadmin,3,05-05-2021 20:39
master,asap-release, Michael Adigun,3,05-05-2021 20:39
master,asap-release,6G7941897,2,05-05-2021 20:39
master,asap-rental-agreement,Hari,9,09-03-2024 08:13
master,asap-rental-agreement,Tim Molnar,10,09-03-2024 08:13
master,asap-rental-agreement,Shantilata,5,09-03-2024 08:13
master,asap-rental-agreement,Sabana Khatun,4,09-03-2024 08:13
master,asap-rental-agreement,NH114900,1,09-03-2024 08:13
master,asap-rental-agreement,Scarbrough,1,09-03-2024 08:13
master,asap-security,NH115641,6,17-10-2014 16:52
master,asap-security,Asap Admin,1,17-10-2014 16:52
master,asap-security,Blake Dunn,17,17-10-2014 16:52
master,asap-security,NH107944,2,17-10-2014 16:52
master,asap-security, Michael Adigun,1,17-10-2014 16:52
master,asap-security,Shelley Barnes,1,17-10-2014 16:52
master,asap-security,Manoj Panda,1,17-10-2014 16:52
master,asap-security,Bonnie Judkins,1,17-10-2014 16:52
master,asap-thermal-printer,NH115641,3,13-02-2019 19:57
master,asap-thermal-printer,Asap Admin,5,13-02-2019 19:57
master,asap-thermal-printer,Blake Dunn,3,13-02-2019 19:57
master,asap-thermal-printer,asapadmin,12,13-02-2019 19:57
master,asap-thermal-printer,Tim Molnar,2,13-02-2019 19:57
master,asap-thermal-printer,dtc3725,2,13-02-2019 19:57
master,asap-thermal-printer,Manoj Panda,3,13-02-2019 19:57
master,asap-webbase,Hari,7,23-07-2023 14:09
master,asap-webbase,Shantilata,1,23-07-2023 14:09
master,asap-webbase,Tim Molnar,4,23-07-2023 14:09
master,asap-webbase,Soniya Rani,1,23-07-2023 14:09
master,asap-webbase,Vinita Kumari Mandal,2,23-07-2023 14:09
master,asap-webbase,NH108093,1,23-07-2023 14:09
master,asap-webbase,NH115641,9,23-07-2023 14:09
master,asap-webbase,Sabana Khatun,1,23-07-2023 14:09
master,asap-webbase,Kumarikeerti B Hulagola,2,23-07-2023 14:09
master,asap-webbase,Asap Admin,1,23-07-2023 14:09
master,asap-webbase,Lisa Scarbrough,1,23-07-2023 14:09
master,auto-asap,NH115641,15,02-05-2023 21:23
master,auto-asap,Vihitha Karnatakam,3,02-05-2023 21:23
master,auto-asap,Tim Molnar,1,02-05-2023 21:23
master,auto-asap,Nikhil,2,02-05-2023 21:23
master,auto-asap,Asap Admin,1,02-05-2023 21:23
master,auto-asap,Blake Dunn,8,02-05-2023 21:23
master,car-control,NH115641,18,28-07-2023 16:40
master,car-control,Vinita Kumari Mandal,2,28-07-2023 16:40
master,car-control,Vihitha Karnatakam,3,28-07-2023 16:40
master,car-control,Tim Molnar,1,28-07-2023 16:40
master,car-control,Ayuthu Sudheer,2,28-07-2023 16:40
master,car-control,Nikhil,3,28-07-2023 16:40
master,car-control,N Harikrishna  (NH),1,28-07-2023 16:40
master,car-rent,NH115641,6,18-03-2019 20:26
master,car-rent,Asap Admin,1,18-03-2019 20:26
master,car-rent,Blake Dunn,7,18-03-2019 20:26
master,car-rent,asapadmin,13,18-03-2019 20:26
master,car-rent, Michael Adigun,1,18-03-2019 20:26
master,car-rent,Manoj Panda,1,18-03-2019 20:26
master,car-rent,Tim Molnar,1,18-03-2019 20:26
master,central-sites,Vihitha Karnatakam,1,22-08-2023 13:12
master,central-sites,Hari,5,22-08-2023 13:12
master,central-sites,NH115641,11,22-08-2023 13:12
master,central-sites,Soniya Rani,1,22-08-2023 13:12
master,central-sites,Tim Molnar,7,22-08-2023 13:12
master,central-sites,Sabana Khatun,1,22-08-2023 13:12
master,central-sites,Vinita Kumari Mandal,1,22-08-2023 13:12
master,central-sites,HZ455895,2,22-08-2023 13:12
master,central-sites,Nikhil,1,22-08-2023 13:12
master,customer-satisfaction-record,NH115641,17,03-05-2023 20:05
master,customer-satisfaction-record,Nikhil,3,03-05-2023 20:05
master,customer-satisfaction-record,Tim Molnar,1,03-05-2023 20:05
master,customer-satisfaction-record,N Harikrishna  (NH),1,03-05-2023 20:05
master,customer-satisfaction-record,Asap Admin,1,03-05-2023 20:05
master,customer-satisfaction-record,Kumarikeerti B Hulagola,1,03-05-2023 20:05
master,customer-satisfaction-record,Reshma,1,03-05-2023 20:05
master,customer-satisfaction-record,Blake Dunn,5,03-05-2023 20:05
master,exit-gate,Vinita Kumari Mandal,6,26-10-2023 19:56
master,exit-gate,Sabana Khatun,2,26-10-2023 19:56
master,exit-gate,Hari,12,26-10-2023 19:56
master,exit-gate,NH115641,5,26-10-2023 19:56
master,exit-gate,Sourav Roy,2,26-10-2023 19:56
master,exit-gate,Tim Molnar,2,26-10-2023 19:56
master,exit-gate,NH108093,1,26-10-2023 19:56
master,fleet-ordering-system,NH115641,5,25-10-2018 18:55
master,fleet-ordering-system,Asap Admin,1,25-10-2018 18:55
master,fleet-ordering-system,Blake Dunn,9,25-10-2018 18:55
master,fleet-ordering-system,asapadmin,15,25-10-2018 18:55
master,frequent-traveler,NH115641,6,03-02-2020 22:17
master,frequent-traveler,Asap Admin,1,03-02-2020 22:17
master,frequent-traveler,Blake Dunn,13,03-02-2020 22:17
master,frequent-traveler,asapadmin,9,03-02-2020 22:17
master,frequent-traveler,Rodrigo Martinez,1,03-02-2020 22:17
master,gold-choice-exit,Vinita Kumari Mandal,7,21-08-2023 15:47
master,gold-choice-exit,NH115641,10,21-08-2023 15:47
master,gold-choice-exit,Tim Molnar,4,21-08-2023 15:47
master,gold-choice-exit,Sourav Roy,1,21-08-2023 15:47
master,gold-choice-exit,Soniya Rani,1,21-08-2023 15:47
master,gold-choice-exit,Shantilata,1,21-08-2023 15:47
master,gold-choice-exit,Sabana Khatun,1,21-08-2023 15:47
master,gold-choice-exit,NH108093,1,21-08-2023 15:47
master,gold-choice-exit,Hari,3,21-08-2023 15:47
master,gold-choice-exit,Patil Mahesh  (NH),1,21-08-2023 15:47
master,gold-service,Vinita Kumari Mandal,7,29-01-2024 17:19
master,gold-service,Tim Molnar,8,29-01-2024 17:19
master,gold-service,hz296742,1,29-01-2024 17:19
master,gold-service,JP,1,29-01-2024 17:19
master,gold-service,Shantilata,2,29-01-2024 17:19
master,gold-service,Sabana Khatun,2,29-01-2024 17:19
master,gold-service,Hari,4,29-01-2024 17:19
master,gold-service,NH115641,2,29-01-2024 17:19
master,gold-service,Sourav Roy,3,29-01-2024 17:19
master,guarantee,NH115641,5,14-03-2018 20:49
master,guarantee,Asap Admin,1,14-03-2018 20:49
master,guarantee,Blake Dunn,12,14-03-2018 20:49
master,guarantee,asapadmin,11,14-03-2018 20:49
master,guarantee,Rodrigo Martinez,1,14-03-2018 20:49
master,hertz-orion-esigner,NH115641,3,10-10-2017 16:47
master,hertz-orion-esigner,Asap Admin,1,10-10-2017 16:47
master,hertz-orion-esigner,Blake Dunn,6,10-10-2017 16:47
master,hertz-orion-esigner,asapadmin,20,10-10-2017 16:47
master,information-search,Shantilata,2,05-05-2023 13:18
master,information-search,NH115641,15,05-05-2023 13:18
master,information-search,N Harikrishna  (NH),3,05-05-2023 13:18
master,information-search,Tim Molnar,1,05-05-2023 13:18
master,information-search,Annapurna Chitturi  (NH),1,05-05-2023 13:18
master,information-search,Asap Admin,1,05-05-2023 13:18
master,information-search,Kumarikeerti B Hulagola,2,05-05-2023 13:18
master,information-search,Reshma,1,05-05-2023 13:18
master,information-search,Blake Dunn,4,05-05-2023 13:18
master,instant-return,NH115641,16,02-05-2023 23:24
master,instant-return,Tim Molnar,1,02-05-2023 23:24
master,instant-return,Santha,1,02-05-2023 23:24
master,instant-return,Annapurna Chitturi  (NH),1,02-05-2023 23:24
master,instant-return,Asap Admin,1,02-05-2023 23:24
master,instant-return,Lisa Scarbrough,1,02-05-2023 23:24
master,instant-return,Blake Dunn,9,02-05-2023 23:24
master,inventory-management,NH114900,1,27-09-2023 07:01
master,inventory-management,Sabana Khatun,3,27-09-2023 07:01
master,inventory-management,Hari,7,27-09-2023 07:01
master,inventory-management,NH115641,8,27-09-2023 07:01
master,inventory-management,Vinita Kumari Mandal,2,27-09-2023 07:01
master,inventory-management,Sabana,2,27-09-2023 07:01
master,inventory-management,Tim Molnar,3,27-09-2023 07:01
master,inventory-management,Lisa Scarbrough,2,27-09-2023 07:01
master,inventory-management,N Harikrishna  (NH),2,27-09-2023 07:01
master,lost-found,NH115641,16,02-05-2023 21:23
master,lost-found,Tim Molnar,1,02-05-2023 21:23
master,lost-found,N Harikrishna  (NH),1,02-05-2023 21:23
master,lost-found,Asap Admin,1,02-05-2023 21:23
master,lost-found,Kumarikeerti B Hulagola,1,02-05-2023 21:23
master,lost-found,Annapurna,1,02-05-2023 21:23
master,lost-found,Blake Dunn,9,02-05-2023 21:23
master,manual-ra-keyin,Vinita Kumari Mandal,3,12-09-2023 13:37
master,manual-ra-keyin,Sabana Khatun,1,12-09-2023 13:37
master,manual-ra-keyin,NH114900,2,12-09-2023 13:37
master,manual-ra-keyin,Tim Molnar,6,12-09-2023 13:37
master,manual-ra-keyin,NH115641,9,12-09-2023 13:37
master,manual-ra-keyin,Shantilata,3,12-09-2023 13:37
master,manual-ra-keyin,Nikhil,2,12-09-2023 13:37
master,manual-ra-keyin,Soniya Rani,2,12-09-2023 13:37
master,manual-ra-keyin,NH108093,1,12-09-2023 13:37
master,manual-ra-keyin,Patil Mahesh  (NH),1,12-09-2023 13:37
master,number-one-club,Tim Molnar,2,09-05-2023 12:42
master,number-one-club,NH115641,17,09-05-2023 12:42
master,number-one-club,Reshma,1,09-05-2023 12:42
master,number-one-club,N Harikrishna  (NH),1,09-05-2023 12:42
master,number-one-club,Nikhil,1,09-05-2023 12:42
master,number-one-club,Ayuthu Sudheer,2,09-05-2023 12:42
master,number-one-club,Annapurna Chitturi  (NH),2,09-05-2023 12:42
master,number-one-club,Asap Admin,1,09-05-2023 12:42
master,number-one-club,Kumarikeerti B Hulagola,1,09-05-2023 12:42
master,number-one-club,Annapurna,1,09-05-2023 12:42
master,number-one-club,Blake Dunn,1,09-05-2023 12:42
master,open-travel,NH115641,2,25-03-2015 15:53
master,open-travel,Asap Admin,9,25-03-2015 15:53
master,open-travel,Blake Dunn,5,25-03-2015 15:53
master,open-travel,Shelley Barnes,1,25-03-2015 15:53
master,post-rent,Tim Molnar,10,21-08-2023 22:01
master,post-rent,Scarbrough,1,21-08-2023 22:01
master,post-rent,Vihitha Karnatakam,1,21-08-2023 22:01
master,post-rent,NH115141,1,21-08-2023 22:01
master,post-rent,NH115641,11,21-08-2023 22:01
master,post-rent,Soniya Rani,2,21-08-2023 22:01
master,post-rent,Vinita Kumari Mandal,2,21-08-2023 22:01
master,post-rent,NH108093,1,21-08-2023 22:01
master,post-rent,Hari,1,21-08-2023 22:01
master,post-rent-base,Tim Molnar,20,07-08-2023 21:17
master,post-rent-base,Scarbrough,1,07-08-2023 21:17
master,post-rent-base,NH115641,6,07-08-2023 21:17
master,post-rent-base,Mahesh Patil,2,07-08-2023 21:17
master,post-rent-base,hz296742,1,07-08-2023 21:17
master,rent,hz296742,6,04-03-2024 16:25
master,rent,Tim Molnar,2,04-03-2024 16:25
master,rent,Shantilata,9,04-03-2024 16:25
master,rent,JP,2,04-03-2024 16:25
master,rent,NH115641,7,04-03-2024 16:25
master,rent,Scarbrough,1,04-03-2024 16:25
master,rent,Hari,3,04-03-2024 16:25
master,rental-management,Shantilata,8,31-01-2024 20:48
master,rental-management,Hari,4,31-01-2024 20:48
master,rental-management,Vihitha Karnatakam,1,31-01-2024 20:48
master,rental-management,Vinita Kumari Mandal,2,31-01-2024 20:48
master,rental-management,hz296742,2,31-01-2024 20:48
master,rental-management,NH114900,1,31-01-2024 20:48
master,rental-management,NH115141,1,31-01-2024 20:48
master,rental-management,NH115641,1,31-01-2024 20:48
master,rental-management,Tim Molnar,9,31-01-2024 20:48
master,rental-management,Soniya Rani,1,31-01-2024 20:48
master,rental-record-services,NH115641,12,22-03-2023 20:23
master,rental-record-services,Tim Molnar,4,22-03-2023 20:23
master,rental-record-services,Asap Admin,1,22-03-2023 20:23
master,rental-record-services,Blake Dunn,11,22-03-2023 20:23
master,rental-record-services,asapadmin,2,22-03-2023 20:23
master,rental-record-services-domain,Tim Molnar,5,13-04-2017 22:43
master,rental-record-services-domain,NH115641,3,13-04-2017 22:43
master,rental-record-services-domain,Asap Admin,1,13-04-2017 22:43
master,rental-record-services-domain,Blake Dunn,5,13-04-2017 22:43
master,rental-record-services-domain,asapadmin,15,13-04-2017 22:43
master,rental-record-services-domain,Manoj Panda,1,13-04-2017 22:43
master,res-rental-research,NH115641,15,03-05-2023 20:10
master,res-rental-research,Lisa Scarbrough,1,03-05-2023 20:10
master,res-rental-research,Tim Molnar,2,03-05-2023 20:10
master,res-rental-research,Kumarikeerti B Hulagola,4,03-05-2023 20:10
master,res-rental-research,Hulagola Kumarikeerti  (NH),1,03-05-2023 20:10
master,res-rental-research,Asap Admin,1,03-05-2023 20:10
master,res-rental-research,Hari,2,03-05-2023 20:10
master,res-rental-research,Blake Dunn,4,03-05-2023 20:10
master,reservation-processing,NH115641,14,28-07-2023 15:40
master,reservation-processing,Tim Molnar,3,28-07-2023 15:40
master,reservation-processing,N Harikrishna  (NH),1,28-07-2023 15:40
master,reservation-processing,Nikhil,2,28-07-2023 15:40
master,reservation-processing,Ayuthu Sudheer,6,28-07-2023 15:40
master,reservation-processing,Dasapathri Anusha,4,28-07-2023 15:40
master,return,Tim Molnar,13,07-02-2024 20:14
master,return,Vinita Kumari Mandal,1,07-02-2024 20:14
master,return,hz296742,1,07-02-2024 20:14
master,return,JP,3,07-02-2024 20:14
master,return,NH114900,1,07-02-2024 20:14
master,return,Shantilata,5,07-02-2024 20:14
master,return,Vihitha Karnatakam,1,07-02-2024 20:14
master,return,Hari,1,07-02-2024 20:14
master,return,NH115641,2,07-02-2024 20:14
master,return,Scarbrough,1,07-02-2024 20:14
master,return,Soniya Rani,1,07-02-2024 20:14
master,security-authentication,NH115641,15,02-05-2023 23:05
master,security-authentication,Tim Molnar,5,02-05-2023 23:05
master,security-authentication,Vinita Kumari Mandal,2,02-05-2023 23:05
master,security-authentication,N Harikrishna  (NH),1,02-05-2023 23:05
master,security-authentication,Asap Admin,1,02-05-2023 23:05
master,security-authentication,Hari,2,02-05-2023 23:05
master,security-authentication,Kumarikeerti B Hulagola,1,02-05-2023 23:05
master,security-authentication,Blake Dunn,3,02-05-2023 23:05
master,selected-res-manifest,NH115641,12,03-03-2023 20:04
master,selected-res-manifest,Hari,3,03-03-2023 20:04
master,selected-res-manifest,Tim Molnar,1,03-03-2023 20:04
master,selected-res-manifest,Nikhil,1,03-03-2023 20:04
master,selected-res-manifest,Annapurna Chitturi  (NH),1,03-03-2023 20:04
master,selected-res-manifest,Asap Admin,1,03-03-2023 20:04
master,selected-res-manifest,Kumarikeerti B Hulagola,1,03-03-2023 20:04
master,selected-res-manifest,Blake Dunn,7,03-03-2023 20:04
master,selected-res-manifest,asapadmin,2,03-03-2023 20:04
master,selected-res-manifest,Rodrigo Martinez,1,03-03-2023 20:04
master,signature-capture,NH115641,13,03-03-2023 13:56
master,signature-capture,Tim Molnar,1,03-03-2023 13:56
master,signature-capture,Annapurna Chitturi  (NH),1,03-03-2023 13:56
master,signature-capture,Asap Admin,1,03-03-2023 13:56
master,signature-capture,Blake Dunn,12,03-03-2023 13:56
master,signature-capture,asapadmin,2,03-03-2023 13:56
master,update-optional-services,hz296742,14,30-08-2023 18:47
master,update-optional-services,NH115641,9,30-08-2023 18:47
master,update-optional-services,Soniya Rani,1,30-08-2023 18:47
master,update-optional-services,JP,3,30-08-2023 18:47
master,update-optional-services,Shantilata,1,30-08-2023 18:47
master,update-optional-services,Patil Mahesh  (NH),1,30-08-2023 18:47
master,update-optional-services,Hari,1,30-08-2023 18:47
master,upsell,NH115641,5,21-05-2019 22:04
master,upsell,Asap Admin,1,21-05-2019 22:04
master,upsell,Blake Dunn,10,21-05-2019 22:04
master,upsell,asapadmin,14,21-05-2019 22:04
master,urgent-messages,NH115641,4,04-10-2017 21:51
master,urgent-messages,Asap Admin,1,04-10-2017 21:51
master,urgent-messages,Blake Dunn,1,04-10-2017 21:51
master,urgent-messages,asapadmin,23,04-10-2017 21:51
master,urgent-messages, Michael Adigun,1,04-10-2017 21:51
master,vehicle-exchange,hz296742,9,08-11-2023 18:07
master,vehicle-exchange,Shantilata,3,08-11-2023 18:07
master,vehicle-exchange,NH115641,2,08-11-2023 18:07
master,vehicle-exchange,Sabana,3,08-11-2023 18:07
master,vehicle-exchange,Sabana Khatun,3,08-11-2023 18:07
master,vehicle-exchange,Hari,4,08-11-2023 18:07
master,vehicle-exchange,Sourav Roy,2,08-11-2023 18:07
master,vehicle-exchange,Tim Molnar,2,08-11-2023 18:07
master,vehicle-exchange,Vinita Kumari Mandal,2,08-11-2023 18:07
master,void-ra,NH115641,16,02-05-2023 23:24
master,void-ra,Tim Molnar,4,02-05-2023 23:24
master,void-ra,Hari,1,02-05-2023 23:24
master,void-ra,Vinita Kumari Mandal,1,02-05-2023 23:24
master,void-ra,Nikhil,1,02-05-2023 23:24
master,void-ra,Annapurna Chitturi  (NH),1,02-05-2023 23:24
master,void-ra,Asap Admin,1,02-05-2023 23:24
master,void-ra,Kumarikeerti B Hulagola,1,02-05-2023 23:24
master,void-ra,Blake Dunn,4,02-05-2023 23:24
